example_id,example_class,example_note,plate_id,kit,well,sample_id,lims_sample,project,replicate,role,nominal_ng_ml,dilution,a450,a620,a450_corr,conc_ng_ml,avg_ng_ml,pct_cv
01,valid,"neat in-range, %CV <10%",NBIO-HCP-01,Cygnus F650S HEK 293 HCP ELISA,A01,STD-0,,,1,STD,0,,0.052,0.021,0.031,0.0,,
01,valid,"neat in-range, %CV <10%",NBIO-HCP-01,Cygnus F650S HEK 293 HCP ELISA,A02,STD-0,,,2,STD,0,,0.049,0.02,0.029,0.0,0.0,0.0
01,valid,"neat in-range, %CV <10%",NBIO-HCP-01,Cygnus F650S HEK 293 HCP ELISA,B01,STD-2,,,1,STD,2,,0.184,0.022,0.162,2.1,,
01,valid,"neat in-range, %CV <10%",NBIO-HCP-01,Cygnus F650S HEK 293 HCP ELISA,B02,STD-2,,,2,STD,2,,0.176,0.021,0.155,1.9,2.0,7.1
01,valid,"neat in-range, %CV <10%",NBIO-HCP-01,Cygnus F650S HEK 293 HCP ELISA,C01,STD-4,,,1,STD,4,,0.311,0.023,0.288,4.2,,
01,valid,"neat in-range, %CV <10%",NBIO-HCP-01,Cygnus F650S HEK 293 HCP ELISA,C02,STD-4,,,2,STD,4,,0.298,0.022,0.276,3.9,4.05,5.2
01,valid,"neat in-range, %CV <10%",NBIO-HCP-01,Cygnus F650S HEK 293 HCP ELISA,D01,STD-8,,,1,STD,8,,0.542,0.024,0.518,8.3,,
01,valid,"neat in-range, %CV <10%",NBIO-HCP-01,Cygnus F650S HEK 293 HCP ELISA,D02,STD-8,,,2,STD,8,,0.521,0.023,0.498,7.8,8.05,4.4
01,valid,"neat in-range, %CV <10%",NBIO-HCP-01,Cygnus F650S HEK 293 HCP ELISA,E01,STD-16,,,1,STD,16,,0.891,0.025,0.866,16.4,,
01,valid,"neat in-range, %CV <10%",NBIO-HCP-01,Cygnus F650S HEK 293 HCP ELISA,E02,STD-16,,,2,STD,16,,0.862,0.024,0.838,15.6,16.0,3.5
01,valid,"neat in-range, %CV <10%",NBIO-HCP-01,Cygnus F650S HEK 293 HCP ELISA,F01,STD-32,,,1,STD,32,,1.412,0.026,1.386,33.1,,
01,valid,"neat in-range, %CV <10%",NBIO-HCP-01,Cygnus F650S HEK 293 HCP ELISA,F02,STD-32,,,2,STD,32,,1.368,0.025,1.343,31.2,32.15,4.2
01,valid,"neat in-range, %CV <10%",NBIO-HCP-01,Cygnus F650S HEK 293 HCP ELISA,G01,STD-64,,,1,STD,64,,2.051,0.028,2.023,65.8,,
01,valid,"neat in-range, %CV <10%",NBIO-HCP-01,Cygnus F650S HEK 293 HCP ELISA,G02,STD-64,,,2,STD,64,,1.989,0.027,1.962,62.4,64.1,3.8
01,valid,"neat in-range, %CV <10%",NBIO-HCP-01,Cygnus F650S HEK 293 HCP ELISA,H03,CAR-T-Batch-001-neat,CAR-T-Batch-001,CAR-T In-Process Testing,1,SAMPLE,,neat,0.712,0.024,0.688,11.4,,
01,valid,"neat in-range, %CV <10%",NBIO-HCP-01,Cygnus F650S HEK 293 HCP ELISA,H04,CAR-T-Batch-001-neat,CAR-T-Batch-001,CAR-T In-Process Testing,2,SAMPLE,,neat,0.731,0.024,0.707,11.9,11.65,3.0
02,valid,1:10 dilution mid-curve,NBIO-HCP-02,Cygnus F650S HEK 293 HCP ELISA,A01,STD-0,,,1,STD,0,,0.052,0.021,0.031,0.0,,
02,valid,1:10 dilution mid-curve,NBIO-HCP-02,Cygnus F650S HEK 293 HCP ELISA,A02,STD-0,,,2,STD,0,,0.049,0.02,0.029,0.0,0.0,0.0
02,valid,1:10 dilution mid-curve,NBIO-HCP-02,Cygnus F650S HEK 293 HCP ELISA,B01,STD-2,,,1,STD,2,,0.184,0.022,0.162,2.1,,
02,valid,1:10 dilution mid-curve,NBIO-HCP-02,Cygnus F650S HEK 293 HCP ELISA,B02,STD-2,,,2,STD,2,,0.176,0.021,0.155,1.9,2.0,7.1
02,valid,1:10 dilution mid-curve,NBIO-HCP-02,Cygnus F650S HEK 293 HCP ELISA,C01,STD-4,,,1,STD,4,,0.311,0.023,0.288,4.2,,
02,valid,1:10 dilution mid-curve,NBIO-HCP-02,Cygnus F650S HEK 293 HCP ELISA,C02,STD-4,,,2,STD,4,,0.298,0.022,0.276,3.9,4.05,5.2
02,valid,1:10 dilution mid-curve,NBIO-HCP-02,Cygnus F650S HEK 293 HCP ELISA,D01,STD-8,,,1,STD,8,,0.542,0.024,0.518,8.3,,
02,valid,1:10 dilution mid-curve,NBIO-HCP-02,Cygnus F650S HEK 293 HCP ELISA,D02,STD-8,,,2,STD,8,,0.521,0.023,0.498,7.8,8.05,4.4
02,valid,1:10 dilution mid-curve,NBIO-HCP-02,Cygnus F650S HEK 293 HCP ELISA,E01,STD-16,,,1,STD,16,,0.891,0.025,0.866,16.4,,
02,valid,1:10 dilution mid-curve,NBIO-HCP-02,Cygnus F650S HEK 293 HCP ELISA,E02,STD-16,,,2,STD,16,,0.862,0.024,0.838,15.6,16.0,3.5
02,valid,1:10 dilution mid-curve,NBIO-HCP-02,Cygnus F650S HEK 293 HCP ELISA,F01,STD-32,,,1,STD,32,,1.412,0.026,1.386,33.1,,
02,valid,1:10 dilution mid-curve,NBIO-HCP-02,Cygnus F650S HEK 293 HCP ELISA,F02,STD-32,,,2,STD,32,,1.368,0.025,1.343,31.2,32.15,4.2
02,valid,1:10 dilution mid-curve,NBIO-HCP-02,Cygnus F650S HEK 293 HCP ELISA,G01,STD-64,,,1,STD,64,,2.051,0.028,2.023,65.8,,
02,valid,1:10 dilution mid-curve,NBIO-HCP-02,Cygnus F650S HEK 293 HCP ELISA,G02,STD-64,,,2,STD,64,,1.989,0.027,1.962,62.4,64.1,3.8
02,valid,1:10 dilution mid-curve,NBIO-HCP-02,Cygnus F650S HEK 293 HCP ELISA,H03,CAR-T-Batch-001-1:10,CAR-T-Batch-001,CAR-T In-Process Testing,1,SAMPLE,,1:10,0.548,0.023,0.525,8.4,,
02,valid,1:10 dilution mid-curve,NBIO-HCP-02,Cygnus F650S HEK 293 HCP ELISA,H04,CAR-T-Batch-001-1:10,CAR-T-Batch-001,CAR-T In-Process Testing,2,SAMPLE,,1:10,0.561,0.023,0.538,8.7,8.55,2.5
03,valid,"just above 4 ng/mL, %CV ~20% (SOP pass <25%)",NBIO-HCP-03,Cygnus F650S HEK 293 HCP ELISA,A01,STD-0,,,1,STD,0,,0.052,0.021,0.031,0.0,,
03,valid,"just above 4 ng/mL, %CV ~20% (SOP pass <25%)",NBIO-HCP-03,Cygnus F650S HEK 293 HCP ELISA,A02,STD-0,,,2,STD,0,,0.049,0.02,0.029,0.0,0.0,0.0
03,valid,"just above 4 ng/mL, %CV ~20% (SOP pass <25%)",NBIO-HCP-03,Cygnus F650S HEK 293 HCP ELISA,B01,STD-2,,,1,STD,2,,0.184,0.022,0.162,2.1,,
03,valid,"just above 4 ng/mL, %CV ~20% (SOP pass <25%)",NBIO-HCP-03,Cygnus F650S HEK 293 HCP ELISA,B02,STD-2,,,2,STD,2,,0.176,0.021,0.155,1.9,2.0,7.1
03,valid,"just above 4 ng/mL, %CV ~20% (SOP pass <25%)",NBIO-HCP-03,Cygnus F650S HEK 293 HCP ELISA,C01,STD-4,,,1,STD,4,,0.311,0.023,0.288,4.2,,
03,valid,"just above 4 ng/mL, %CV ~20% (SOP pass <25%)",NBIO-HCP-03,Cygnus F650S HEK 293 HCP ELISA,C02,STD-4,,,2,STD,4,,0.298,0.022,0.276,3.9,4.05,5.2
03,valid,"just above 4 ng/mL, %CV ~20% (SOP pass <25%)",NBIO-HCP-03,Cygnus F650S HEK 293 HCP ELISA,D01,STD-8,,,1,STD,8,,0.542,0.024,0.518,8.3,,
03,valid,"just above 4 ng/mL, %CV ~20% (SOP pass <25%)",NBIO-HCP-03,Cygnus F650S HEK 293 HCP ELISA,D02,STD-8,,,2,STD,8,,0.521,0.023,0.498,7.8,8.05,4.4
03,valid,"just above 4 ng/mL, %CV ~20% (SOP pass <25%)",NBIO-HCP-03,Cygnus F650S HEK 293 HCP ELISA,E01,STD-16,,,1,STD,16,,0.891,0.025,0.866,16.4,,
03,valid,"just above 4 ng/mL, %CV ~20% (SOP pass <25%)",NBIO-HCP-03,Cygnus F650S HEK 293 HCP ELISA,E02,STD-16,,,2,STD,16,,0.862,0.024,0.838,15.6,16.0,3.5
03,valid,"just above 4 ng/mL, %CV ~20% (SOP pass <25%)",NBIO-HCP-03,Cygnus F650S HEK 293 HCP ELISA,F01,STD-32,,,1,STD,32,,1.412,0.026,1.386,33.1,,
03,valid,"just above 4 ng/mL, %CV ~20% (SOP pass <25%)",NBIO-HCP-03,Cygnus F650S HEK 293 HCP ELISA,F02,STD-32,,,2,STD,32,,1.368,0.025,1.343,31.2,32.15,4.2
03,valid,"just above 4 ng/mL, %CV ~20% (SOP pass <25%)",NBIO-HCP-03,Cygnus F650S HEK 293 HCP ELISA,G01,STD-64,,,1,STD,64,,2.051,0.028,2.023,65.8,,
03,valid,"just above 4 ng/mL, %CV ~20% (SOP pass <25%)",NBIO-HCP-03,Cygnus F650S HEK 293 HCP ELISA,G02,STD-64,,,2,STD,64,,1.989,0.027,1.962,62.4,64.1,3.8
03,valid,"just above 4 ng/mL, %CV ~20% (SOP pass <25%)",NBIO-HCP-03,Cygnus F650S HEK 293 HCP ELISA,H03,CAR-T-Batch-001-lo,CAR-T-Batch-001,CAR-T In-Process Testing,1,SAMPLE,,neat,0.328,0.022,0.306,4.3,,
03,valid,"just above 4 ng/mL, %CV ~20% (SOP pass <25%)",NBIO-HCP-03,Cygnus F650S HEK 293 HCP ELISA,H04,CAR-T-Batch-001-lo,CAR-T-Batch-001,CAR-T In-Process Testing,2,SAMPLE,,neat,0.392,0.023,0.369,5.7,5.0,19.8
04,valid,near ULOQ ~60 of 64,NBIO-HCP-04,Cygnus F650S HEK 293 HCP ELISA,A01,STD-0,,,1,STD,0,,0.052,0.021,0.031,0.0,,
04,valid,near ULOQ ~60 of 64,NBIO-HCP-04,Cygnus F650S HEK 293 HCP ELISA,A02,STD-0,,,2,STD,0,,0.049,0.02,0.029,0.0,0.0,0.0
04,valid,near ULOQ ~60 of 64,NBIO-HCP-04,Cygnus F650S HEK 293 HCP ELISA,B01,STD-2,,,1,STD,2,,0.184,0.022,0.162,2.1,,
04,valid,near ULOQ ~60 of 64,NBIO-HCP-04,Cygnus F650S HEK 293 HCP ELISA,B02,STD-2,,,2,STD,2,,0.176,0.021,0.155,1.9,2.0,7.1
04,valid,near ULOQ ~60 of 64,NBIO-HCP-04,Cygnus F650S HEK 293 HCP ELISA,C01,STD-4,,,1,STD,4,,0.311,0.023,0.288,4.2,,
04,valid,near ULOQ ~60 of 64,NBIO-HCP-04,Cygnus F650S HEK 293 HCP ELISA,C02,STD-4,,,2,STD,4,,0.298,0.022,0.276,3.9,4.05,5.2
04,valid,near ULOQ ~60 of 64,NBIO-HCP-04,Cygnus F650S HEK 293 HCP ELISA,D01,STD-8,,,1,STD,8,,0.542,0.024,0.518,8.3,,
04,valid,near ULOQ ~60 of 64,NBIO-HCP-04,Cygnus F650S HEK 293 HCP ELISA,D02,STD-8,,,2,STD,8,,0.521,0.023,0.498,7.8,8.05,4.4
04,valid,near ULOQ ~60 of 64,NBIO-HCP-04,Cygnus F650S HEK 293 HCP ELISA,E01,STD-16,,,1,STD,16,,0.891,0.025,0.866,16.4,,
04,valid,near ULOQ ~60 of 64,NBIO-HCP-04,Cygnus F650S HEK 293 HCP ELISA,E02,STD-16,,,2,STD,16,,0.862,0.024,0.838,15.6,16.0,3.5
04,valid,near ULOQ ~60 of 64,NBIO-HCP-04,Cygnus F650S HEK 293 HCP ELISA,F01,STD-32,,,1,STD,32,,1.412,0.026,1.386,33.1,,
04,valid,near ULOQ ~60 of 64,NBIO-HCP-04,Cygnus F650S HEK 293 HCP ELISA,F02,STD-32,,,2,STD,32,,1.368,0.025,1.343,31.2,32.15,4.2
04,valid,near ULOQ ~60 of 64,NBIO-HCP-04,Cygnus F650S HEK 293 HCP ELISA,G01,STD-64,,,1,STD,64,,2.051,0.028,2.023,65.8,,
04,valid,near ULOQ ~60 of 64,NBIO-HCP-04,Cygnus F650S HEK 293 HCP ELISA,G02,STD-64,,,2,STD,64,,1.989,0.027,1.962,62.4,64.1,3.8
04,valid,near ULOQ ~60 of 64,NBIO-HCP-04,Cygnus F650S HEK 293 HCP ELISA,H03,CAR-T-Batch-001-hi,CAR-T-Batch-001,CAR-T In-Process Testing,1,SAMPLE,,neat,1.948,0.027,1.921,59.2,,
04,valid,near ULOQ ~60 of 64,NBIO-HCP-04,Cygnus F650S HEK 293 HCP ELISA,H04,CAR-T-Batch-001-hi,CAR-T-Batch-001,CAR-T In-Process Testing,2,SAMPLE,,neat,2.012,0.028,1.984,62.1,60.65,3.4
05,valid,mid-curve ~16 ng/mL,NBIO-HCP-05,Cygnus F650S HEK 293 HCP ELISA,A01,STD-0,,,1,STD,0,,0.052,0.021,0.031,0.0,,
05,valid,mid-curve ~16 ng/mL,NBIO-HCP-05,Cygnus F650S HEK 293 HCP ELISA,A02,STD-0,,,2,STD,0,,0.049,0.02,0.029,0.0,0.0,0.0
05,valid,mid-curve ~16 ng/mL,NBIO-HCP-05,Cygnus F650S HEK 293 HCP ELISA,B01,STD-2,,,1,STD,2,,0.184,0.022,0.162,2.1,,
05,valid,mid-curve ~16 ng/mL,NBIO-HCP-05,Cygnus F650S HEK 293 HCP ELISA,B02,STD-2,,,2,STD,2,,0.176,0.021,0.155,1.9,2.0,7.1
05,valid,mid-curve ~16 ng/mL,NBIO-HCP-05,Cygnus F650S HEK 293 HCP ELISA,C01,STD-4,,,1,STD,4,,0.311,0.023,0.288,4.2,,
05,valid,mid-curve ~16 ng/mL,NBIO-HCP-05,Cygnus F650S HEK 293 HCP ELISA,C02,STD-4,,,2,STD,4,,0.298,0.022,0.276,3.9,4.05,5.2
05,valid,mid-curve ~16 ng/mL,NBIO-HCP-05,Cygnus F650S HEK 293 HCP ELISA,D01,STD-8,,,1,STD,8,,0.542,0.024,0.518,8.3,,
05,valid,mid-curve ~16 ng/mL,NBIO-HCP-05,Cygnus F650S HEK 293 HCP ELISA,D02,STD-8,,,2,STD,8,,0.521,0.023,0.498,7.8,8.05,4.4
05,valid,mid-curve ~16 ng/mL,NBIO-HCP-05,Cygnus F650S HEK 293 HCP ELISA,E01,STD-16,,,1,STD,16,,0.891,0.025,0.866,16.4,,
05,valid,mid-curve ~16 ng/mL,NBIO-HCP-05,Cygnus F650S HEK 293 HCP ELISA,E02,STD-16,,,2,STD,16,,0.862,0.024,0.838,15.6,16.0,3.5
05,valid,mid-curve ~16 ng/mL,NBIO-HCP-05,Cygnus F650S HEK 293 HCP ELISA,F01,STD-32,,,1,STD,32,,1.412,0.026,1.386,33.1,,
05,valid,mid-curve ~16 ng/mL,NBIO-HCP-05,Cygnus F650S HEK 293 HCP ELISA,F02,STD-32,,,2,STD,32,,1.368,0.025,1.343,31.2,32.15,4.2
05,valid,mid-curve ~16 ng/mL,NBIO-HCP-05,Cygnus F650S HEK 293 HCP ELISA,G01,STD-64,,,1,STD,64,,2.051,0.028,2.023,65.8,,
05,valid,mid-curve ~16 ng/mL,NBIO-HCP-05,Cygnus F650S HEK 293 HCP ELISA,G02,STD-64,,,2,STD,64,,1.989,0.027,1.962,62.4,64.1,3.8
05,valid,mid-curve ~16 ng/mL,NBIO-HCP-05,Cygnus F650S HEK 293 HCP ELISA,H03,CAR-T-Batch-001-mid,CAR-T-Batch-001,CAR-T In-Process Testing,1,SAMPLE,,neat,0.878,0.025,0.853,15.8,,
05,valid,mid-curve ~16 ng/mL,NBIO-HCP-05,Cygnus F650S HEK 293 HCP ELISA,H04,CAR-T-Batch-001-mid,CAR-T-Batch-001,CAR-T In-Process Testing,2,SAMPLE,,neat,0.901,0.025,0.876,16.5,16.15,3.1
06,valid,1:100 dilution; report avg*100,NBIO-HCP-06,Cygnus F650S HEK 293 HCP ELISA,A01,STD-0,,,1,STD,0,,0.052,0.021,0.031,0.0,,
06,valid,1:100 dilution; report avg*100,NBIO-HCP-06,Cygnus F650S HEK 293 HCP ELISA,A02,STD-0,,,2,STD,0,,0.049,0.02,0.029,0.0,0.0,0.0
06,valid,1:100 dilution; report avg*100,NBIO-HCP-06,Cygnus F650S HEK 293 HCP ELISA,B01,STD-2,,,1,STD,2,,0.184,0.022,0.162,2.1,,
06,valid,1:100 dilution; report avg*100,NBIO-HCP-06,Cygnus F650S HEK 293 HCP ELISA,B02,STD-2,,,2,STD,2,,0.176,0.021,0.155,1.9,2.0,7.1
06,valid,1:100 dilution; report avg*100,NBIO-HCP-06,Cygnus F650S HEK 293 HCP ELISA,C01,STD-4,,,1,STD,4,,0.311,0.023,0.288,4.2,,
06,valid,1:100 dilution; report avg*100,NBIO-HCP-06,Cygnus F650S HEK 293 HCP ELISA,C02,STD-4,,,2,STD,4,,0.298,0.022,0.276,3.9,4.05,5.2
06,valid,1:100 dilution; report avg*100,NBIO-HCP-06,Cygnus F650S HEK 293 HCP ELISA,D01,STD-8,,,1,STD,8,,0.542,0.024,0.518,8.3,,
06,valid,1:100 dilution; report avg*100,NBIO-HCP-06,Cygnus F650S HEK 293 HCP ELISA,D02,STD-8,,,2,STD,8,,0.521,0.023,0.498,7.8,8.05,4.4
06,valid,1:100 dilution; report avg*100,NBIO-HCP-06,Cygnus F650S HEK 293 HCP ELISA,E01,STD-16,,,1,STD,16,,0.891,0.025,0.866,16.4,,
06,valid,1:100 dilution; report avg*100,NBIO-HCP-06,Cygnus F650S HEK 293 HCP ELISA,E02,STD-16,,,2,STD,16,,0.862,0.024,0.838,15.6,16.0,3.5
06,valid,1:100 dilution; report avg*100,NBIO-HCP-06,Cygnus F650S HEK 293 HCP ELISA,F01,STD-32,,,1,STD,32,,1.412,0.026,1.386,33.1,,
06,valid,1:100 dilution; report avg*100,NBIO-HCP-06,Cygnus F650S HEK 293 HCP ELISA,F02,STD-32,,,2,STD,32,,1.368,0.025,1.343,31.2,32.15,4.2
06,valid,1:100 dilution; report avg*100,NBIO-HCP-06,Cygnus F650S HEK 293 HCP ELISA,G01,STD-64,,,1,STD,64,,2.051,0.028,2.023,65.8,,
06,valid,1:100 dilution; report avg*100,NBIO-HCP-06,Cygnus F650S HEK 293 HCP ELISA,G02,STD-64,,,2,STD,64,,1.989,0.027,1.962,62.4,64.1,3.8
06,valid,1:100 dilution; report avg*100,NBIO-HCP-06,Cygnus F650S HEK 293 HCP ELISA,H03,CAR-T-Batch-001-1:100,CAR-T-Batch-001,CAR-T In-Process Testing,1,SAMPLE,,1:100,0.198,0.022,0.176,2.4,,
06,valid,1:100 dilution; report avg*100,NBIO-HCP-06,Cygnus F650S HEK 293 HCP ELISA,H04,CAR-T-Batch-001-1:100,CAR-T-Batch-001,CAR-T In-Process Testing,2,SAMPLE,,1:100,0.206,0.022,0.184,2.6,2.5,5.7
07,valid,PC 12 ng/mL passing,NBIO-HCP-07,Cygnus F650S HEK 293 HCP ELISA,A01,STD-0,,,1,STD,0,,0.052,0.021,0.031,0.0,,
07,valid,PC 12 ng/mL passing,NBIO-HCP-07,Cygnus F650S HEK 293 HCP ELISA,A02,STD-0,,,2,STD,0,,0.049,0.02,0.029,0.0,0.0,0.0
07,valid,PC 12 ng/mL passing,NBIO-HCP-07,Cygnus F650S HEK 293 HCP ELISA,B01,STD-2,,,1,STD,2,,0.184,0.022,0.162,2.1,,
07,valid,PC 12 ng/mL passing,NBIO-HCP-07,Cygnus F650S HEK 293 HCP ELISA,B02,STD-2,,,2,STD,2,,0.176,0.021,0.155,1.9,2.0,7.1
07,valid,PC 12 ng/mL passing,NBIO-HCP-07,Cygnus F650S HEK 293 HCP ELISA,C01,STD-4,,,1,STD,4,,0.311,0.023,0.288,4.2,,
07,valid,PC 12 ng/mL passing,NBIO-HCP-07,Cygnus F650S HEK 293 HCP ELISA,C02,STD-4,,,2,STD,4,,0.298,0.022,0.276,3.9,4.05,5.2
07,valid,PC 12 ng/mL passing,NBIO-HCP-07,Cygnus F650S HEK 293 HCP ELISA,D01,STD-8,,,1,STD,8,,0.542,0.024,0.518,8.3,,
07,valid,PC 12 ng/mL passing,NBIO-HCP-07,Cygnus F650S HEK 293 HCP ELISA,D02,STD-8,,,2,STD,8,,0.521,0.023,0.498,7.8,8.05,4.4
07,valid,PC 12 ng/mL passing,NBIO-HCP-07,Cygnus F650S HEK 293 HCP ELISA,E01,STD-16,,,1,STD,16,,0.891,0.025,0.866,16.4,,
07,valid,PC 12 ng/mL passing,NBIO-HCP-07,Cygnus F650S HEK 293 HCP ELISA,E02,STD-16,,,2,STD,16,,0.862,0.024,0.838,15.6,16.0,3.5
07,valid,PC 12 ng/mL passing,NBIO-HCP-07,Cygnus F650S HEK 293 HCP ELISA,F01,STD-32,,,1,STD,32,,1.412,0.026,1.386,33.1,,
07,valid,PC 12 ng/mL passing,NBIO-HCP-07,Cygnus F650S HEK 293 HCP ELISA,F02,STD-32,,,2,STD,32,,1.368,0.025,1.343,31.2,32.15,4.2
07,valid,PC 12 ng/mL passing,NBIO-HCP-07,Cygnus F650S HEK 293 HCP ELISA,G01,STD-64,,,1,STD,64,,2.051,0.028,2.023,65.8,,
07,valid,PC 12 ng/mL passing,NBIO-HCP-07,Cygnus F650S HEK 293 HCP ELISA,G02,STD-64,,,2,STD,64,,1.989,0.027,1.962,62.4,64.1,3.8
07,valid,PC 12 ng/mL passing,NBIO-HCP-07,Cygnus F650S HEK 293 HCP ELISA,H03,PC-HEK-HCP,,,1,PC,12,,0.712,0.024,0.688,11.8,,
07,valid,PC 12 ng/mL passing,NBIO-HCP-07,Cygnus F650S HEK 293 HCP ELISA,H04,PC-HEK-HCP,,,2,PC,12,,0.745,0.025,0.72,12.6,12.2,4.6
08,valid,second plate_id; same CAR-T-Batch-001 (no second HEK lot in 0059),NBIO-HCP-08,Cygnus F650S HEK 293 HCP ELISA,A01,STD-0,,,1,STD,0,,0.052,0.021,0.031,0.0,,
08,valid,second plate_id; same CAR-T-Batch-001 (no second HEK lot in 0059),NBIO-HCP-08,Cygnus F650S HEK 293 HCP ELISA,A02,STD-0,,,2,STD,0,,0.049,0.02,0.029,0.0,0.0,0.0
08,valid,second plate_id; same CAR-T-Batch-001 (no second HEK lot in 0059),NBIO-HCP-08,Cygnus F650S HEK 293 HCP ELISA,B01,STD-2,,,1,STD,2,,0.184,0.022,0.162,2.1,,
08,valid,second plate_id; same CAR-T-Batch-001 (no second HEK lot in 0059),NBIO-HCP-08,Cygnus F650S HEK 293 HCP ELISA,B02,STD-2,,,2,STD,2,,0.176,0.021,0.155,1.9,2.0,7.1
08,valid,second plate_id; same CAR-T-Batch-001 (no second HEK lot in 0059),NBIO-HCP-08,Cygnus F650S HEK 293 HCP ELISA,C01,STD-4,,,1,STD,4,,0.311,0.023,0.288,4.2,,
08,valid,second plate_id; same CAR-T-Batch-001 (no second HEK lot in 0059),NBIO-HCP-08,Cygnus F650S HEK 293 HCP ELISA,C02,STD-4,,,2,STD,4,,0.298,0.022,0.276,3.9,4.05,5.2
08,valid,second plate_id; same CAR-T-Batch-001 (no second HEK lot in 0059),NBIO-HCP-08,Cygnus F650S HEK 293 HCP ELISA,D01,STD-8,,,1,STD,8,,0.542,0.024,0.518,8.3,,
08,valid,second plate_id; same CAR-T-Batch-001 (no second HEK lot in 0059),NBIO-HCP-08,Cygnus F650S HEK 293 HCP ELISA,D02,STD-8,,,2,STD,8,,0.521,0.023,0.498,7.8,8.05,4.4
08,valid,second plate_id; same CAR-T-Batch-001 (no second HEK lot in 0059),NBIO-HCP-08,Cygnus F650S HEK 293 HCP ELISA,E01,STD-16,,,1,STD,16,,0.891,0.025,0.866,16.4,,
08,valid,second plate_id; same CAR-T-Batch-001 (no second HEK lot in 0059),NBIO-HCP-08,Cygnus F650S HEK 293 HCP ELISA,E02,STD-16,,,2,STD,16,,0.862,0.024,0.838,15.6,16.0,3.5
08,valid,second plate_id; same CAR-T-Batch-001 (no second HEK lot in 0059),NBIO-HCP-08,Cygnus F650S HEK 293 HCP ELISA,F01,STD-32,,,1,STD,32,,1.412,0.026,1.386,33.1,,
08,valid,second plate_id; same CAR-T-Batch-001 (no second HEK lot in 0059),NBIO-HCP-08,Cygnus F650S HEK 293 HCP ELISA,F02,STD-32,,,2,STD,32,,1.368,0.025,1.343,31.2,32.15,4.2
08,valid,second plate_id; same CAR-T-Batch-001 (no second HEK lot in 0059),NBIO-HCP-08,Cygnus F650S HEK 293 HCP ELISA,G01,STD-64,,,1,STD,64,,2.051,0.028,2.023,65.8,,
08,valid,second plate_id; same CAR-T-Batch-001 (no second HEK lot in 0059),NBIO-HCP-08,Cygnus F650S HEK 293 HCP ELISA,G02,STD-64,,,2,STD,64,,1.989,0.027,1.962,62.4,64.1,3.8
08,valid,second plate_id; same CAR-T-Batch-001 (no second HEK lot in 0059),NBIO-HCP-08,Cygnus F650S HEK 293 HCP ELISA,H03,CAR-T-Batch-001-neat,CAR-T-Batch-001,CAR-T In-Process Testing,1,SAMPLE,,neat,0.69,0.024,0.666,10.9,,
08,valid,second plate_id; same CAR-T-Batch-001 (no second HEK lot in 0059),NBIO-HCP-08,Cygnus F650S HEK 293 HCP ELISA,H04,CAR-T-Batch-001-neat,CAR-T-Batch-001,CAR-T In-Process Testing,2,SAMPLE,,neat,0.718,0.024,0.694,11.6,11.25,4.4
09,edge,%CV ~32% on sample >4 ng/mL → fail/repeat (SOP 23103),NBIO-HCP-09,Cygnus F650S HEK 293 HCP ELISA,A01,STD-0,,,1,STD,0,,0.052,0.021,0.031,0.0,,
09,edge,%CV ~32% on sample >4 ng/mL → fail/repeat (SOP 23103),NBIO-HCP-09,Cygnus F650S HEK 293 HCP ELISA,A02,STD-0,,,2,STD,0,,0.049,0.02,0.029,0.0,0.0,0.0
09,edge,%CV ~32% on sample >4 ng/mL → fail/repeat (SOP 23103),NBIO-HCP-09,Cygnus F650S HEK 293 HCP ELISA,B01,STD-2,,,1,STD,2,,0.184,0.022,0.162,2.1,,
09,edge,%CV ~32% on sample >4 ng/mL → fail/repeat (SOP 23103),NBIO-HCP-09,Cygnus F650S HEK 293 HCP ELISA,B02,STD-2,,,2,STD,2,,0.176,0.021,0.155,1.9,2.0,7.1
09,edge,%CV ~32% on sample >4 ng/mL → fail/repeat (SOP 23103),NBIO-HCP-09,Cygnus F650S HEK 293 HCP ELISA,C01,STD-4,,,1,STD,4,,0.311,0.023,0.288,4.2,,
09,edge,%CV ~32% on sample >4 ng/mL → fail/repeat (SOP 23103),NBIO-HCP-09,Cygnus F650S HEK 293 HCP ELISA,C02,STD-4,,,2,STD,4,,0.298,0.022,0.276,3.9,4.05,5.2
09,edge,%CV ~32% on sample >4 ng/mL → fail/repeat (SOP 23103),NBIO-HCP-09,Cygnus F650S HEK 293 HCP ELISA,D01,STD-8,,,1,STD,8,,0.542,0.024,0.518,8.3,,
09,edge,%CV ~32% on sample >4 ng/mL → fail/repeat (SOP 23103),NBIO-HCP-09,Cygnus F650S HEK 293 HCP ELISA,D02,STD-8,,,2,STD,8,,0.521,0.023,0.498,7.8,8.05,4.4
09,edge,%CV ~32% on sample >4 ng/mL → fail/repeat (SOP 23103),NBIO-HCP-09,Cygnus F650S HEK 293 HCP ELISA,E01,STD-16,,,1,STD,16,,0.891,0.025,0.866,16.4,,
09,edge,%CV ~32% on sample >4 ng/mL → fail/repeat (SOP 23103),NBIO-HCP-09,Cygnus F650S HEK 293 HCP ELISA,E02,STD-16,,,2,STD,16,,0.862,0.024,0.838,15.6,16.0,3.5
09,edge,%CV ~32% on sample >4 ng/mL → fail/repeat (SOP 23103),NBIO-HCP-09,Cygnus F650S HEK 293 HCP ELISA,F01,STD-32,,,1,STD,32,,1.412,0.026,1.386,33.1,,
09,edge,%CV ~32% on sample >4 ng/mL → fail/repeat (SOP 23103),NBIO-HCP-09,Cygnus F650S HEK 293 HCP ELISA,F02,STD-32,,,2,STD,32,,1.368,0.025,1.343,31.2,32.15,4.2
09,edge,%CV ~32% on sample >4 ng/mL → fail/repeat (SOP 23103),NBIO-HCP-09,Cygnus F650S HEK 293 HCP ELISA,G01,STD-64,,,1,STD,64,,2.051,0.028,2.023,65.8,,
09,edge,%CV ~32% on sample >4 ng/mL → fail/repeat (SOP 23103),NBIO-HCP-09,Cygnus F650S HEK 293 HCP ELISA,G02,STD-64,,,2,STD,64,,1.989,0.027,1.962,62.4,64.1,3.8
09,edge,%CV ~32% on sample >4 ng/mL → fail/repeat (SOP 23103),NBIO-HCP-09,Cygnus F650S HEK 293 HCP ELISA,H03,CAR-T-Batch-001-cvfail,CAR-T-Batch-001,CAR-T In-Process Testing,1,SAMPLE,,neat,0.618,0.023,0.595,10.1,,
09,edge,%CV ~32% on sample >4 ng/mL → fail/repeat (SOP 23103),NBIO-HCP-09,Cygnus F650S HEK 293 HCP ELISA,H04,CAR-T-Batch-001-cvfail,CAR-T-Batch-001,CAR-T In-Process Testing,2,SAMPLE,,neat,0.878,0.025,0.853,16.1,13.1,32.4
10,edge,neat above ULOQ (>64); invalid until diluted,NBIO-HCP-10,Cygnus F650S HEK 293 HCP ELISA,A01,STD-0,,,1,STD,0,,0.052,0.021,0.031,0.0,,
10,edge,neat above ULOQ (>64); invalid until diluted,NBIO-HCP-10,Cygnus F650S HEK 293 HCP ELISA,A02,STD-0,,,2,STD,0,,0.049,0.02,0.029,0.0,0.0,0.0
10,edge,neat above ULOQ (>64); invalid until diluted,NBIO-HCP-10,Cygnus F650S HEK 293 HCP ELISA,B01,STD-2,,,1,STD,2,,0.184,0.022,0.162,2.1,,
10,edge,neat above ULOQ (>64); invalid until diluted,NBIO-HCP-10,Cygnus F650S HEK 293 HCP ELISA,B02,STD-2,,,2,STD,2,,0.176,0.021,0.155,1.9,2.0,7.1
10,edge,neat above ULOQ (>64); invalid until diluted,NBIO-HCP-10,Cygnus F650S HEK 293 HCP ELISA,C01,STD-4,,,1,STD,4,,0.311,0.023,0.288,4.2,,
10,edge,neat above ULOQ (>64); invalid until diluted,NBIO-HCP-10,Cygnus F650S HEK 293 HCP ELISA,C02,STD-4,,,2,STD,4,,0.298,0.022,0.276,3.9,4.05,5.2
10,edge,neat above ULOQ (>64); invalid until diluted,NBIO-HCP-10,Cygnus F650S HEK 293 HCP ELISA,D01,STD-8,,,1,STD,8,,0.542,0.024,0.518,8.3,,
10,edge,neat above ULOQ (>64); invalid until diluted,NBIO-HCP-10,Cygnus F650S HEK 293 HCP ELISA,D02,STD-8,,,2,STD,8,,0.521,0.023,0.498,7.8,8.05,4.4
10,edge,neat above ULOQ (>64); invalid until diluted,NBIO-HCP-10,Cygnus F650S HEK 293 HCP ELISA,E01,STD-16,,,1,STD,16,,0.891,0.025,0.866,16.4,,
10,edge,neat above ULOQ (>64); invalid until diluted,NBIO-HCP-10,Cygnus F650S HEK 293 HCP ELISA,E02,STD-16,,,2,STD,16,,0.862,0.024,0.838,15.6,16.0,3.5
10,edge,neat above ULOQ (>64); invalid until diluted,NBIO-HCP-10,Cygnus F650S HEK 293 HCP ELISA,F01,STD-32,,,1,STD,32,,1.412,0.026,1.386,33.1,,
10,edge,neat above ULOQ (>64); invalid until diluted,NBIO-HCP-10,Cygnus F650S HEK 293 HCP ELISA,F02,STD-32,,,2,STD,32,,1.368,0.025,1.343,31.2,32.15,4.2
10,edge,neat above ULOQ (>64); invalid until diluted,NBIO-HCP-10,Cygnus F650S HEK 293 HCP ELISA,G01,STD-64,,,1,STD,64,,2.051,0.028,2.023,65.8,,
10,edge,neat above ULOQ (>64); invalid until diluted,NBIO-HCP-10,Cygnus F650S HEK 293 HCP ELISA,G02,STD-64,,,2,STD,64,,1.989,0.027,1.962,62.4,64.1,3.8
10,edge,neat above ULOQ (>64); invalid until diluted,NBIO-HCP-10,Cygnus F650S HEK 293 HCP ELISA,H03,CAR-T-Batch-001-uloq,CAR-T-Batch-001,CAR-T In-Process Testing,1,SAMPLE,,neat,2.412,0.031,2.381,88.0,,
10,edge,neat above ULOQ (>64); invalid until diluted,NBIO-HCP-10,Cygnus F650S HEK 293 HCP ELISA,H04,CAR-T-Batch-001-uloq,CAR-T-Batch-001,CAR-T In-Process Testing,2,SAMPLE,,neat,2.388,0.03,2.358,85.0,86.5,2.5
