--
-- PostgreSQL database dump
--

\restrict YO5fEBu4DDXyycIIfCHSD9nWQJPsCENdok4xSSb7DVrgpMYW8pHO73Gkr2zjk0W

-- Dumped from database version 15.15
-- Dumped by pg_dump version 15.15

SET statement_timeout = 0;
SET lock_timeout = 0;
SET idle_in_transaction_session_timeout = 0;
SET client_encoding = 'UTF8';
SET standard_conforming_strings = on;
SELECT pg_catalog.set_config('search_path', '', false);
SET check_function_bodies = false;
SET xmloption = content;
SET client_min_messages = warning;
SET row_security = off;

--
-- Data for Name: alembic_version; Type: TABLE DATA; Schema: public; Owner: -
--

INSERT INTO public.alembic_version VALUES ('0031');


--
-- Data for Name: analyses; Type: TABLE DATA; Schema: public; Owner: -
--

INSERT INTO public.analyses VALUES ('b0000003-b000-b000-b000-b00000000003', 'Total Coliform Enumeration', NULL, true, '2026-01-10 19:32:31.030314', NULL, '2026-01-10 19:32:31.030314', NULL, 'Colilert or Membrane Filtration', 2, 50.00, NULL, '{}');
INSERT INTO public.analyses VALUES ('b0000002-b000-b000-b000-b00000000004', 'EPA Method 8080 Prep', NULL, true, '2026-01-10 19:32:31.030314', NULL, '2026-01-10 19:32:31.030314', NULL, 'Sample Extractionfor Organochlorine Pesticides and PCBs', 7, 25.00, NULL, '{}');
INSERT INTO public.analyses VALUES ('b0000001-b000-b000-b000-b00000000001', 'pH Measurement', NULL, true, '2026-01-10 19:32:31.030314', NULL, '2026-01-22 01:16:47.129997', '00000000-0000-0000-0000-000000000001', 'Electrometric', 1, 10.00, NULL, '{}');
INSERT INTO public.analyses VALUES ('b0000002-b000-b000-b000-b00000000002', 'EPA Method 8080', 'test', true, '2026-01-10 19:32:31.030314', NULL, '2026-01-22 01:23:32.975361', '00000000-0000-0000-0000-000000000001', 'GC/ECD for Organochlorine PCBs', 14, 150.00, NULL, '{}');
INSERT INTO public.analyses VALUES ('aa12ed7f-282b-46bc-80da-d00fe61d59c4', 'EPA Method 8080 Pest', NULL, true, '2026-01-22 01:24:08.846562', '00000000-0000-0000-0000-000000000001', '2026-01-22 01:24:08.846562', '00000000-0000-0000-0000-000000000001', 'GC/ECD for Organochlorine Pesticides', 14, 180.00, NULL, '{}');


--
-- Data for Name: lists; Type: TABLE DATA; Schema: public; Owner: -
--

INSERT INTO public.lists VALUES ('11111111-1111-1111-1111-111111111111', 'sample_status', 'Sample status values', true, '2026-01-10 19:32:31.030314', NULL, '2026-01-10 19:32:31.030314', NULL);
INSERT INTO public.lists VALUES ('22222222-2222-2222-2222-222222222222', 'test_status', 'Test status values', true, '2026-01-10 19:32:31.030314', NULL, '2026-01-10 19:32:31.030314', NULL);
INSERT INTO public.lists VALUES ('33333333-3333-3333-3333-333333333333', 'project_status', 'Project status values', true, '2026-01-10 19:32:31.030314', NULL, '2026-01-10 19:32:31.030314', NULL);
INSERT INTO public.lists VALUES ('44444444-4444-4444-4444-444444444444', 'batch_status', 'Batch status values', true, '2026-01-10 19:32:31.030314', NULL, '2026-01-10 19:32:31.030314', NULL);
INSERT INTO public.lists VALUES ('55555555-5555-5555-5555-555555555555', 'sample_types', 'Sample type values', true, '2026-01-10 19:32:31.030314', NULL, '2026-01-10 19:32:31.030314', NULL);
INSERT INTO public.lists VALUES ('66666666-6666-6666-6666-666666666666', 'matrix_types', 'Matrix type values', true, '2026-01-10 19:32:31.030314', NULL, '2026-01-10 19:32:31.030314', NULL);
INSERT INTO public.lists VALUES ('77777777-7777-7777-7777-777777777777', 'qc_types', 'QC type values', true, '2026-01-10 19:32:31.030314', NULL, '2026-01-10 19:32:31.030314', NULL);
INSERT INTO public.lists VALUES ('88888888-8888-8888-8888-888888888888', 'unit_types', 'Unit type values', true, '2026-01-10 19:32:31.030314', NULL, '2026-01-10 19:32:31.030314', NULL);
INSERT INTO public.lists VALUES ('99999999-9999-9999-9999-999999999999', 'contact_types', 'Contact method types', true, '2026-01-10 19:32:31.030314', NULL, '2026-01-10 19:32:31.030314', NULL);
INSERT INTO public.lists VALUES ('aaaaaaaa-0000-0000-0000-000000000001', 'batch_types', 'Batch type values for categorizing batches', true, '2026-01-11 15:22:31.521024', NULL, '2026-01-11 15:22:31.521024', NULL);
INSERT INTO public.lists VALUES ('454031c8-ec5f-4774-b327-9a9f5451f198', 'container_condition', 'Container condition at receipt', true, '2026-01-19 15:19:15.511069', '00000000-0000-0000-0000-000000000001', '2026-01-19 15:19:15.511069', '00000000-0000-0000-0000-000000000001');


--
-- Data for Name: list_entries; Type: TABLE DATA; Schema: public; Owner: -
--

INSERT INTO public.list_entries VALUES ('e14af09a-6f40-4e71-b92a-3b61a12a988b', 'Received', 'Sample received', true, '2026-01-10 19:32:31.030314', NULL, '2026-01-10 19:32:31.030314', NULL, '11111111-1111-1111-1111-111111111111');
INSERT INTO public.list_entries VALUES ('f5b008c1-2571-4cd0-abc7-2fa94d90f18e', 'Available for Testing', 'Ready for testing', true, '2026-01-10 19:32:31.030314', NULL, '2026-01-10 19:32:31.030314', NULL, '11111111-1111-1111-1111-111111111111');
INSERT INTO public.list_entries VALUES ('6ca6f7a6-c64a-4208-b299-8d9d7c97a538', 'Testing Complete', 'Testing finished', true, '2026-01-10 19:32:31.030314', NULL, '2026-01-10 19:32:31.030314', NULL, '11111111-1111-1111-1111-111111111111');
INSERT INTO public.list_entries VALUES ('9d5e4b55-38d8-4d8c-a2d0-4abd1e4fe4c6', 'Reviewed', 'Results reviewed', true, '2026-01-10 19:32:31.030314', NULL, '2026-01-10 19:32:31.030314', NULL, '11111111-1111-1111-1111-111111111111');
INSERT INTO public.list_entries VALUES ('dc22926d-b1f9-43be-ac79-3da191bccedd', 'Reported', 'Results reported', true, '2026-01-10 19:32:31.030314', NULL, '2026-01-10 19:32:31.030314', NULL, '11111111-1111-1111-1111-111111111111');
INSERT INTO public.list_entries VALUES ('26c14af3-745d-4ede-acc0-1d263e10ace4', 'In Process', 'Test in progress', true, '2026-01-10 19:32:31.030314', NULL, '2026-01-10 19:32:31.030314', NULL, '22222222-2222-2222-2222-222222222222');
INSERT INTO public.list_entries VALUES ('828d0182-ff7c-4b1a-9e5c-38686fbab052', 'In Analysis', 'Under analysis', true, '2026-01-10 19:32:31.030314', NULL, '2026-01-10 19:32:31.030314', NULL, '22222222-2222-2222-2222-222222222222');
INSERT INTO public.list_entries VALUES ('cfbc1422-751d-4a0a-b1a3-0448b1f4a28d', 'Complete', 'Test completed', true, '2026-01-10 19:32:31.030314', NULL, '2026-01-10 19:32:31.030314', NULL, '22222222-2222-2222-2222-222222222222');
INSERT INTO public.list_entries VALUES ('795d9f88-cd74-4982-b6d0-ed6b783c6e0c', 'Active', 'Project active', true, '2026-01-10 19:32:31.030314', NULL, '2026-01-10 19:32:31.030314', NULL, '33333333-3333-3333-3333-333333333333');
INSERT INTO public.list_entries VALUES ('218d4b5d-d1c2-428c-a04d-cb53021e4c2e', 'Completed', 'Project completed', true, '2026-01-10 19:32:31.030314', NULL, '2026-01-10 19:32:31.030314', NULL, '33333333-3333-3333-3333-333333333333');
INSERT INTO public.list_entries VALUES ('6f0b8150-f629-457f-857e-5dc07875bf3b', 'On Hold', 'Project on hold', true, '2026-01-10 19:32:31.030314', NULL, '2026-01-10 19:32:31.030314', NULL, '33333333-3333-3333-3333-333333333333');
INSERT INTO public.list_entries VALUES ('d79d1692-9331-49bd-94e1-1a014783f447', 'Created', 'Batch created', true, '2026-01-10 19:32:31.030314', NULL, '2026-01-10 19:32:31.030314', NULL, '44444444-4444-4444-4444-444444444444');
INSERT INTO public.list_entries VALUES ('cf096cdd-46a2-4f3f-9848-d2bd07fcae58', 'In Process', 'Batch in process', true, '2026-01-10 19:32:31.030314', NULL, '2026-01-10 19:32:31.030314', NULL, '44444444-4444-4444-4444-444444444444');
INSERT INTO public.list_entries VALUES ('1c1d5c04-9318-49bd-a264-3bf2c48e0149', 'Completed', 'Batch completed', true, '2026-01-10 19:32:31.030314', NULL, '2026-01-10 19:32:31.030314', NULL, '44444444-4444-4444-4444-444444444444');
INSERT INTO public.list_entries VALUES ('7a8f9cd7-a71d-4420-9738-5a77c972b215', 'Blood', 'Blood sample', true, '2026-01-10 19:32:31.030314', NULL, '2026-01-10 19:32:31.030314', NULL, '55555555-5555-5555-5555-555555555555');
INSERT INTO public.list_entries VALUES ('06352f51-4901-425c-97f5-8732b7b4d9ee', 'Urine', 'Urine sample', true, '2026-01-10 19:32:31.030314', NULL, '2026-01-10 19:32:31.030314', NULL, '55555555-5555-5555-5555-555555555555');
INSERT INTO public.list_entries VALUES ('7fc2f847-019c-4e98-92a0-9f54bc938273', 'Tissue', 'Tissue sample', true, '2026-01-10 19:32:31.030314', NULL, '2026-01-10 19:32:31.030314', NULL, '55555555-5555-5555-5555-555555555555');
INSERT INTO public.list_entries VALUES ('6d8597b9-bf13-4d31-a643-ffa28b748ae0', 'Water', 'Water sample', true, '2026-01-10 19:32:31.030314', NULL, '2026-01-10 19:32:31.030314', NULL, '55555555-5555-5555-5555-555555555555');
INSERT INTO public.list_entries VALUES ('16b66bee-88e9-4543-a24f-8ca1d58be35e', 'Sludge', 'Sludge', true, '2026-01-10 19:32:31.030314', NULL, '2026-01-10 19:32:31.030314', NULL, '66666666-6666-6666-6666-666666666666');
INSERT INTO public.list_entries VALUES ('08ca1ed0-a10b-4c09-848e-e4c93bbe0dd1', 'Ground Water', 'Ground Water', true, '2026-01-10 19:32:31.030314', NULL, '2026-01-10 19:32:31.030314', NULL, '66666666-6666-6666-6666-666666666666');
INSERT INTO public.list_entries VALUES ('8e51e6bd-2fd2-42d2-b017-732112abac79', 'Soil', 'Soil', true, '2026-01-10 19:32:31.030314', NULL, '2026-01-10 19:32:31.030314', NULL, '66666666-6666-6666-6666-666666666666');
INSERT INTO public.list_entries VALUES ('c869c266-8b06-4f5f-b554-5082265cd955', 'Air', 'Air', true, '2026-01-10 19:32:31.030314', NULL, '2026-01-10 19:32:31.030314', NULL, '66666666-6666-6666-6666-666666666666');
INSERT INTO public.list_entries VALUES ('19c5dad9-8e35-4183-868e-4d0409178b07', 'Drinking Water', 'Drinking Water', true, '2026-01-10 19:32:31.030314', NULL, '2026-01-10 19:32:31.030314', NULL, '66666666-6666-6666-6666-666666666666');
INSERT INTO public.list_entries VALUES ('3fbab49c-0277-44e8-8e56-67ca4777ac4e', 'Sample', 'Regular sample', true, '2026-01-10 19:32:31.030314', NULL, '2026-01-10 19:32:31.030314', NULL, '77777777-7777-7777-7777-777777777777');
INSERT INTO public.list_entries VALUES ('bbe03ef8-e75f-4d52-99ed-26e0dae7f237', 'Positive Control', 'Positive control', true, '2026-01-10 19:32:31.030314', NULL, '2026-01-10 19:32:31.030314', NULL, '77777777-7777-7777-7777-777777777777');
INSERT INTO public.list_entries VALUES ('0973afcf-06a2-4b35-b0b2-0de2c3d24748', 'Negative Control', 'Negative control', true, '2026-01-10 19:32:31.030314', NULL, '2026-01-10 19:32:31.030314', NULL, '77777777-7777-7777-7777-777777777777');
INSERT INTO public.list_entries VALUES ('ea851ae3-fd3d-4936-bc2b-e0fb5b28ee59', 'Matrix Spike', 'Matrix spike', true, '2026-01-10 19:32:31.030314', NULL, '2026-01-10 19:32:31.030314', NULL, '77777777-7777-7777-7777-777777777777');
INSERT INTO public.list_entries VALUES ('de2150cd-8f76-486e-9fed-3b7b80e2246e', 'Duplicate', 'Duplicate sample', true, '2026-01-10 19:32:31.030314', NULL, '2026-01-10 19:32:31.030314', NULL, '77777777-7777-7777-7777-777777777777');
INSERT INTO public.list_entries VALUES ('cbb3b907-e048-4f7d-9d44-db5262a895c0', 'Blank', 'Blank sample', true, '2026-01-10 19:32:31.030314', NULL, '2026-01-10 19:32:31.030314', NULL, '77777777-7777-7777-7777-777777777777');
INSERT INTO public.list_entries VALUES ('d47a0009-2674-422d-93ef-c016819dae20', 'concentration', 'Concentration units', true, '2026-01-10 19:32:31.030314', NULL, '2026-01-10 19:32:31.030314', NULL, '88888888-8888-8888-8888-888888888888');
INSERT INTO public.list_entries VALUES ('2437c8bd-2c60-4f52-a062-c6e9dc18abdd', 'mass', 'Mass units', true, '2026-01-10 19:32:31.030314', NULL, '2026-01-10 19:32:31.030314', NULL, '88888888-8888-8888-8888-888888888888');
INSERT INTO public.list_entries VALUES ('1bad6e7a-e4c5-4401-8dc1-183e3e48d7d8', 'volume', 'Volume units', true, '2026-01-10 19:32:31.030314', NULL, '2026-01-10 19:32:31.030314', NULL, '88888888-8888-8888-8888-888888888888');
INSERT INTO public.list_entries VALUES ('d44debf3-e565-4de6-a8a4-e481319319e0', 'molar', 'Molar units', true, '2026-01-10 19:32:31.030314', NULL, '2026-01-10 19:32:31.030314', NULL, '88888888-8888-8888-8888-888888888888');
INSERT INTO public.list_entries VALUES ('b7184ca8-c4fa-4244-aeb7-10c804ca325c', 'Email', 'Email address', true, '2026-01-10 19:32:31.030314', NULL, '2026-01-10 19:32:31.030314', NULL, '99999999-9999-9999-9999-999999999999');
INSERT INTO public.list_entries VALUES ('25db33fd-4577-47d2-b01f-7ebf8ef005c2', 'Phone', 'Phone number', true, '2026-01-10 19:32:31.030314', NULL, '2026-01-10 19:32:31.030314', NULL, '99999999-9999-9999-9999-999999999999');
INSERT INTO public.list_entries VALUES ('96c2fc30-6f5d-4afc-97d8-a9db4f6b2224', 'Mobile', 'Mobile phone', true, '2026-01-10 19:32:31.030314', NULL, '2026-01-10 19:32:31.030314', NULL, '99999999-9999-9999-9999-999999999999');
INSERT INTO public.list_entries VALUES ('e204c24e-3297-4bd2-91d5-c472bba376a8', 'On Hold', 'Sample is on hold pending additional information or approval', true, '2026-01-10 20:40:20.963701', '00000000-0000-0000-0000-000000000001', '2026-01-10 20:40:48.138822', '00000000-0000-0000-0000-000000000001', '11111111-1111-1111-1111-111111111111');
INSERT INTO public.list_entries VALUES ('ff9f7e54-730b-4fc0-a053-b717ebea223f', 'Preparation', 'For initial sample handling steps like homogenization or aliquoting. QC often required: blanks, duplicates.', true, '2026-01-11 15:22:31.521024', NULL, '2026-01-11 15:22:31.521024', NULL, 'aaaaaaaa-0000-0000-0000-000000000001');
INSERT INTO public.list_entries VALUES ('a2a733ce-7666-4e8c-933b-8dc3cd288f2d', 'Extraction', 'For solvent-based extractions (e.g., EPA methods). QC: matrix spikes, surrogates.', true, '2026-01-11 15:22:31.521024', NULL, '2026-01-11 15:22:31.521024', NULL, 'aaaaaaaa-0000-0000-0000-000000000001');
INSERT INTO public.list_entries VALUES ('a6c3f438-b2e0-4c0a-95c8-7c4d24a8f764', 'Cleanup', 'For post-extraction purification (e.g., column cleanup). QC: blanks.', true, '2026-01-11 15:22:31.521024', NULL, '2026-01-11 15:22:31.521024', NULL, 'aaaaaaaa-0000-0000-0000-000000000001');
INSERT INTO public.list_entries VALUES ('ae24a6f8-138e-493c-b60c-b387bfd09fb2', 'Analysis', 'For instrument runs (e.g., GC-MS, HPLC). QC: calibration checks, controls.', true, '2026-01-11 15:22:31.521024', NULL, '2026-01-11 15:22:31.521024', NULL, 'aaaaaaaa-0000-0000-0000-000000000001');
INSERT INTO public.list_entries VALUES ('07df14ec-ede5-4ee3-95b4-c5c769f2dd8f', 'Screening', 'For preliminary tests (e.g., qualitative checks). Minimal QC.', true, '2026-01-11 15:22:31.521024', NULL, '2026-01-11 15:22:31.521024', NULL, 'aaaaaaaa-0000-0000-0000-000000000001');
INSERT INTO public.list_entries VALUES ('43ab93b8-ac2e-4389-b702-c849f49d6c38', 'Confirmation', 'For secondary verification tests. QC: duplicates.', true, '2026-01-11 15:22:31.521024', NULL, '2026-01-11 15:22:31.521024', NULL, 'aaaaaaaa-0000-0000-0000-000000000001');
INSERT INTO public.list_entries VALUES ('22360493-5ef3-4bd0-96b7-de4ae6ad57b5', 'QC Only', 'For batches dedicated to quality control samples. No standard samples; all QC.', true, '2026-01-11 15:22:31.521024', NULL, '2026-01-11 15:22:31.521024', NULL, 'aaaaaaaa-0000-0000-0000-000000000001');
INSERT INTO public.list_entries VALUES ('f343f8dc-b83b-4cf2-bf21-7e5bd7ebf65a', 'Custom', 'A catch-all for lab-specific processes (admins can rename/refine).', true, '2026-01-11 15:22:31.521024', NULL, '2026-01-11 15:22:31.521024', NULL, 'aaaaaaaa-0000-0000-0000-000000000001');
INSERT INTO public.list_entries VALUES ('2bc99aba-c038-4b53-bc98-65745d3ee4ad', 'Surface Water', 'Surface Water', true, '2026-01-11 23:38:04.480521', '00000000-0000-0000-0000-000000000001', '2026-01-11 23:38:04.480521', '00000000-0000-0000-0000-000000000001', '66666666-6666-6666-6666-666666666666');
INSERT INTO public.list_entries VALUES ('96787009-9664-4b74-b0cb-b365cb8249bd', 'Good', NULL, true, '2026-01-19 15:23:30.428159', '00000000-0000-0000-0000-000000000001', '2026-01-19 15:23:30.428159', '00000000-0000-0000-0000-000000000001', '454031c8-ec5f-4774-b327-9a9f5451f198');
INSERT INTO public.list_entries VALUES ('842dc08a-6044-4a88-a775-10d22b4fef47', 'Fair', NULL, true, '2026-01-19 15:23:41.548317', '00000000-0000-0000-0000-000000000001', '2026-01-19 15:23:41.548317', '00000000-0000-0000-0000-000000000001', '454031c8-ec5f-4774-b327-9a9f5451f198');
INSERT INTO public.list_entries VALUES ('12967eb1-cea8-4b0b-82a3-c06dd9fe413c', 'Poor', NULL, true, '2026-01-19 15:23:49.009143', '00000000-0000-0000-0000-000000000001', '2026-01-19 15:23:49.009143', '00000000-0000-0000-0000-000000000001', '454031c8-ec5f-4774-b327-9a9f5451f198');
INSERT INTO public.list_entries VALUES ('e22c1dc8-6a47-447c-927b-bfb8150f92a9', 'Cancelled', 'Test Cancelled', true, '2026-01-21 00:45:22.069495', '00000000-0000-0000-0000-000000000001', '2026-01-21 00:45:34.668242', '00000000-0000-0000-0000-000000000001', '22222222-2222-2222-2222-222222222222');


--
-- Data for Name: units; Type: TABLE DATA; Schema: public; Owner: -
--

INSERT INTO public.units VALUES ('cba5ab35-6394-4a81-87f6-95bc4a9149d5', 'g/L', 'Grams per liter', true, '2026-01-10 19:32:31.030314', NULL, '2026-01-10 19:32:31.030314', NULL, 1.0000000000, 'd47a0009-2674-422d-93ef-c016819dae20');
INSERT INTO public.units VALUES ('11cb12f1-bbe5-457b-999f-c87fc470259d', 'mg/L', 'Milligrams per liter', true, '2026-01-10 19:32:31.030314', NULL, '2026-01-10 19:32:31.030314', NULL, 0.0010000000, 'd47a0009-2674-422d-93ef-c016819dae20');
INSERT INTO public.units VALUES ('ca60eeb4-5245-44a6-8c6f-5c2b59a1d0fb', 'µg/L', 'Micrograms per liter', true, '2026-01-10 19:32:31.030314', NULL, '2026-01-10 19:32:31.030314', NULL, 0.0000010000, 'd47a0009-2674-422d-93ef-c016819dae20');
INSERT INTO public.units VALUES ('3eb92d0f-d3ee-47e3-8eb5-b3fcebe4fe42', 'g', 'Grams', true, '2026-01-10 19:32:31.030314', NULL, '2026-01-10 19:32:31.030314', NULL, 1.0000000000, '2437c8bd-2c60-4f52-a062-c6e9dc18abdd');
INSERT INTO public.units VALUES ('2b53687a-1c87-472d-ad17-9fc28acc35ea', 'mg', 'Milligrams', true, '2026-01-10 19:32:31.030314', NULL, '2026-01-10 19:32:31.030314', NULL, 0.0010000000, '2437c8bd-2c60-4f52-a062-c6e9dc18abdd');
INSERT INTO public.units VALUES ('fd2d4a0d-aa48-404a-b44a-da9cdca2e835', 'µg', 'Micrograms', true, '2026-01-10 19:32:31.030314', NULL, '2026-01-10 19:32:31.030314', NULL, 0.0000010000, '2437c8bd-2c60-4f52-a062-c6e9dc18abdd');
INSERT INTO public.units VALUES ('481f539f-1e38-4d57-93c3-a41106f7fac5', 'L', 'Liters', true, '2026-01-10 19:32:31.030314', NULL, '2026-01-10 19:32:31.030314', NULL, 1.0000000000, '1bad6e7a-e4c5-4401-8dc1-183e3e48d7d8');
INSERT INTO public.units VALUES ('2d578433-48e9-4d3f-839e-a2d6bb41d661', 'mL', 'Milliliters', true, '2026-01-10 19:32:31.030314', NULL, '2026-01-10 19:32:31.030314', NULL, 0.0010000000, '1bad6e7a-e4c5-4401-8dc1-183e3e48d7d8');
INSERT INTO public.units VALUES ('b69c8d8c-07fc-435e-b9f1-7f167dc13de1', 'µL', 'Microliters', true, '2026-01-10 19:32:31.030314', NULL, '2026-01-10 19:32:31.030314', NULL, 0.0000010000, '1bad6e7a-e4c5-4401-8dc1-183e3e48d7d8');
INSERT INTO public.units VALUES ('f79f952e-8d32-47f7-9e3d-48bf174ec27d', 'mol/L', 'Moles per liter', true, '2026-01-10 19:32:31.030314', NULL, '2026-01-10 19:32:31.030314', NULL, 1.0000000000, 'd44debf3-e565-4de6-a8a4-e481319319e0');
INSERT INTO public.units VALUES ('fd6bf0de-7c85-4b3f-a1e3-0fdea914d739', 'mmol/L', 'Millimoles per liter', true, '2026-01-10 19:32:31.030314', NULL, '2026-01-10 19:32:31.030314', NULL, 0.0010000000, 'd44debf3-e565-4de6-a8a4-e481319319e0');
INSERT INTO public.units VALUES ('dfae3f8a-c2ce-4c96-b18c-9291adbb33dc', 'ng/L', 'Nanograms per liter', true, '2026-01-10 19:32:31.030314', NULL, '2026-01-10 19:32:31.030314', NULL, 0.0000000010, 'd47a0009-2674-422d-93ef-c016819dae20');
INSERT INTO public.units VALUES ('c0bc1fa2-c28e-4854-87db-cb233b7afb99', 'ppb', 'Parts per billion', true, '2026-01-10 19:32:31.030314', NULL, '2026-01-10 19:32:31.030314', NULL, 0.0010000000, 'd47a0009-2674-422d-93ef-c016819dae20');
INSERT INTO public.units VALUES ('9bc4ab97-4dee-49e8-9a0d-a5e3050c8118', 'ppm', 'Parts per million', true, '2026-01-10 19:32:31.030314', NULL, '2026-01-10 19:32:31.030314', NULL, 1.0000000000, 'd47a0009-2674-422d-93ef-c016819dae20');
INSERT INTO public.units VALUES ('364b538e-2af9-43f3-bd6c-4734de63545b', 'kg', 'Kilograms', true, '2026-01-10 19:32:31.030314', NULL, '2026-01-10 19:32:31.030314', NULL, 1000.0000000000, '2437c8bd-2c60-4f52-a062-c6e9dc18abdd');
INSERT INTO public.units VALUES ('2ab17aa6-2f25-4907-b362-a5d26df0beef', 'ng', 'Nanograms', true, '2026-01-10 19:32:31.030314', NULL, '2026-01-10 19:32:31.030314', NULL, 0.0000000010, '2437c8bd-2c60-4f52-a062-c6e9dc18abdd');


--
-- Data for Name: analytes; Type: TABLE DATA; Schema: public; Owner: -
--

INSERT INTO public.analytes VALUES ('a0000001-a000-a000-a000-a00000000001', 'pH', 'pH value', true, '2026-01-10 19:32:31.030314', NULL, '2026-01-21 02:31:28.039132', '00000000-0000-0000-0000-000000000001', NULL, NULL, 'numeric', '{}');
INSERT INTO public.analytes VALUES ('a0000005-a000-a000-a000-a00000000005', 'Total Coliforms', 'Coliform bacteria count', true, '2026-01-10 19:32:31.030314', NULL, '2026-01-21 02:31:35.886328', '00000000-0000-0000-0000-000000000001', NULL, NULL, 'numeric', '{}');
INSERT INTO public.analytes VALUES ('a0000002-a000-a000-a000-a00000000002', 'Aldrin', 'Organochlorine pesticide', true, '2026-01-10 19:32:31.030314', NULL, '2026-01-21 02:31:42.46514', '00000000-0000-0000-0000-000000000001', NULL, NULL, 'numeric', '{}');
INSERT INTO public.analytes VALUES ('a0000004-a000-a000-a000-a00000000005', 'Initial Volume', 'Sample volume extracted', true, '2026-01-10 19:32:31.030314', NULL, '2026-01-22 01:17:16.599933', '00000000-0000-0000-0000-000000000001', NULL, NULL, 'numeric', '{}');
INSERT INTO public.analytes VALUES ('a0000006-a000-a000-a000-a00000000006', 'E. coli', 'Escherichia coli count', true, '2026-01-10 19:32:31.030314', NULL, '2026-01-22 01:17:21.99885', '00000000-0000-0000-0000-000000000001', NULL, NULL, 'numeric', '{}');
INSERT INTO public.analytes VALUES ('a0000003-a000-a000-a000-a00000000003', 'DDT', 'Organochlorine pesticide', true, '2026-01-10 19:32:31.030314', NULL, '2026-01-22 01:17:27.997674', '00000000-0000-0000-0000-000000000001', NULL, NULL, 'numeric', '{}');
INSERT INTO public.analytes VALUES ('a0000004-a000-a000-a000-a00000000004', 'Aroclor-1016', 'Polychlorinated biphenyl', true, '2026-01-10 19:32:31.030314', NULL, '2026-01-22 01:19:14.244996', '00000000-0000-0000-0000-000000000001', NULL, 'ca60eeb4-5245-44a6-8c6f-5c2b59a1d0fb', 'numeric', '{}');
INSERT INTO public.analytes VALUES ('a29d9fde-b207-480a-80b7-e7130fdd8841', 'Aroclor-1254', NULL, true, '2026-01-22 01:19:38.764679', '00000000-0000-0000-0000-000000000001', '2026-01-22 01:19:38.764679', '00000000-0000-0000-0000-000000000001', NULL, 'ca60eeb4-5245-44a6-8c6f-5c2b59a1d0fb', 'numeric', '{}');
INSERT INTO public.analytes VALUES ('d1b0e504-04d5-4142-9031-7d6e894e3771', 'Aroclor-1242', NULL, true, '2026-01-22 01:20:04.932901', '00000000-0000-0000-0000-000000000001', '2026-01-22 01:20:04.932901', '00000000-0000-0000-0000-000000000001', NULL, 'ca60eeb4-5245-44a6-8c6f-5c2b59a1d0fb', 'numeric', '{}');
INSERT INTO public.analytes VALUES ('742ee5ab-b398-41a3-a8c2-c0b4a92d2aa2', 'Aroclor-1260', NULL, true, '2026-01-22 01:20:29.959219', '00000000-0000-0000-0000-000000000001', '2026-01-22 01:20:29.959219', '00000000-0000-0000-0000-000000000001', NULL, 'ca60eeb4-5245-44a6-8c6f-5c2b59a1d0fb', 'numeric', '{}');
INSERT INTO public.analytes VALUES ('e956c850-6c4b-48f4-b60e-db791988cfba', 'Aroclor-1248', NULL, true, '2026-01-22 01:20:50.391724', '00000000-0000-0000-0000-000000000001', '2026-01-22 01:20:50.391724', '00000000-0000-0000-0000-000000000001', NULL, 'ca60eeb4-5245-44a6-8c6f-5c2b59a1d0fb', 'numeric', '{}');
INSERT INTO public.analytes VALUES ('ec8e95ba-e2db-4b4a-aba3-7544725c4eee', 'Aroclor-1221', NULL, true, '2026-01-22 01:22:35.892804', '00000000-0000-0000-0000-000000000001', '2026-01-22 01:22:35.892804', '00000000-0000-0000-0000-000000000001', NULL, 'ca60eeb4-5245-44a6-8c6f-5c2b59a1d0fb', 'numeric', '{}');
INSERT INTO public.analytes VALUES ('d408fae9-284c-4bf3-9086-a5937557abad', 'DDD', NULL, true, '2026-01-22 01:22:48.116936', '00000000-0000-0000-0000-000000000001', '2026-01-22 01:22:48.116936', '00000000-0000-0000-0000-000000000001', NULL, 'ca60eeb4-5245-44a6-8c6f-5c2b59a1d0fb', 'numeric', '{}');
INSERT INTO public.analytes VALUES ('046d7933-c8ae-48a5-998d-7613c8220d48', 'DDE', NULL, true, '2026-01-22 01:23:02.462177', '00000000-0000-0000-0000-000000000001', '2026-01-22 01:23:02.462177', '00000000-0000-0000-0000-000000000001', NULL, 'ca60eeb4-5245-44a6-8c6f-5c2b59a1d0fb', 'numeric', '{}');


--
-- Data for Name: analysis_analytes; Type: TABLE DATA; Schema: public; Owner: -
--

INSERT INTO public.analysis_analytes VALUES ('b0000002-b000-b000-b000-b00000000002', 'a0000004-a000-a000-a000-a00000000004', 'numeric', NULL, NULL, 0.000000, 3, NULL, NULL, NULL, true, NULL);
INSERT INTO public.analysis_analytes VALUES ('b0000002-b000-b000-b000-b00000000004', 'a0000004-a000-a000-a000-a00000000005', 'numeric', NULL, NULL, 0.000000, 3, NULL, NULL, NULL, true, NULL);
INSERT INTO public.analysis_analytes VALUES ('b0000003-b000-b000-b000-b00000000003', 'a0000005-a000-a000-a000-a00000000005', 'count', NULL, NULL, 0.000000, 0, NULL, NULL, NULL, true, NULL);
INSERT INTO public.analysis_analytes VALUES ('b0000003-b000-b000-b000-b00000000003', 'a0000006-a000-a000-a000-a00000000006', 'count', NULL, NULL, 0.000000, 0, NULL, NULL, NULL, true, NULL);
INSERT INTO public.analysis_analytes VALUES ('b0000001-b000-b000-b000-b00000000001', 'a0000001-a000-a000-a000-a00000000001', NULL, NULL, NULL, NULL, NULL, NULL, NULL, NULL, false, NULL);
INSERT INTO public.analysis_analytes VALUES ('aa12ed7f-282b-46bc-80da-d00fe61d59c4', 'd408fae9-284c-4bf3-9086-a5937557abad', NULL, NULL, NULL, NULL, NULL, NULL, NULL, NULL, false, NULL);
INSERT INTO public.analysis_analytes VALUES ('aa12ed7f-282b-46bc-80da-d00fe61d59c4', 'a0000003-a000-a000-a000-a00000000003', NULL, NULL, NULL, NULL, NULL, NULL, NULL, NULL, false, NULL);
INSERT INTO public.analysis_analytes VALUES ('aa12ed7f-282b-46bc-80da-d00fe61d59c4', '046d7933-c8ae-48a5-998d-7613c8220d48', NULL, NULL, NULL, NULL, NULL, NULL, NULL, NULL, false, NULL);
INSERT INTO public.analysis_analytes VALUES ('aa12ed7f-282b-46bc-80da-d00fe61d59c4', 'a0000002-a000-a000-a000-a00000000002', NULL, NULL, NULL, NULL, NULL, NULL, NULL, NULL, false, NULL);
INSERT INTO public.analysis_analytes VALUES ('b0000002-b000-b000-b000-b00000000002', 'ec8e95ba-e2db-4b4a-aba3-7544725c4eee', NULL, NULL, NULL, NULL, NULL, NULL, NULL, NULL, false, NULL);
INSERT INTO public.analysis_analytes VALUES ('b0000002-b000-b000-b000-b00000000002', 'd1b0e504-04d5-4142-9031-7d6e894e3771', NULL, NULL, NULL, NULL, NULL, NULL, NULL, NULL, false, NULL);
INSERT INTO public.analysis_analytes VALUES ('b0000002-b000-b000-b000-b00000000002', 'e956c850-6c4b-48f4-b60e-db791988cfba', NULL, NULL, NULL, NULL, NULL, NULL, NULL, NULL, false, NULL);
INSERT INTO public.analysis_analytes VALUES ('b0000002-b000-b000-b000-b00000000002', 'a29d9fde-b207-480a-80b7-e7130fdd8841', NULL, NULL, NULL, NULL, NULL, NULL, NULL, NULL, false, NULL);
INSERT INTO public.analysis_analytes VALUES ('b0000002-b000-b000-b000-b00000000002', '742ee5ab-b398-41a3-a8c2-c0b4a92d2aa2', NULL, NULL, NULL, NULL, NULL, NULL, NULL, NULL, false, NULL);


--
-- Data for Name: batches; Type: TABLE DATA; Schema: public; Owner: -
--

INSERT INTO public.batches VALUES ('cdec0d47-951c-422e-b029-177d2c8102bf', 'B20261901-01', '', true, '2026-01-19 21:26:23.113949', '00000000-0000-0000-0000-000000000003', '2026-01-19 21:26:23.113949', '00000000-0000-0000-0000-000000000003', 'a2a733ce-7666-4e8c-933b-8dc3cd288f2d', 'd79d1692-9331-49bd-94e1-1a014783f447', '2026-01-19 05:00:00', NULL, '{}');
INSERT INTO public.batches VALUES ('9d1fb72d-8a55-462a-bbcb-517ff59ad789', 'B767', '', true, '2026-01-21 02:27:36.3619', '00000000-0000-0000-0000-000000000003', '2026-01-21 02:27:36.3619', '00000000-0000-0000-0000-000000000003', 'a2a733ce-7666-4e8c-933b-8dc3cd288f2d', 'd79d1692-9331-49bd-94e1-1a014783f447', '2026-01-20 05:00:00', NULL, '{}');


--
-- Data for Name: container_types; Type: TABLE DATA; Schema: public; Owner: -
--

INSERT INTO public.container_types VALUES ('33333333-3333-3333-3333-333333333333', 'Test Tube (15mL)', 'Standard 15mL test tube for UAT testing', true, '2026-01-10 19:32:31.030314', NULL, '2026-01-10 19:32:31.030314', NULL, 15.000, 'polypropylene', '15x100mm', NULL);


--
-- Data for Name: containers; Type: TABLE DATA; Schema: public; Owner: -
--

INSERT INTO public.containers VALUES ('4eef26a7-3210-4058-91c0-164c11c1d406', 'TY56795767-578382', NULL, true, '2026-01-10 20:56:18.39416', '00000000-0000-0000-0000-000000000003', '2026-01-10 20:56:18.39416', '00000000-0000-0000-0000-000000000003', 1, 1, NULL, NULL, NULL, NULL, '33333333-3333-3333-3333-333333333333', NULL);
INSERT INTO public.containers VALUES ('1477fa9b-d946-4ffc-a084-d9728774def9', 'TY56795767-604654', NULL, true, '2026-01-10 20:56:44.668323', '00000000-0000-0000-0000-000000000003', '2026-01-10 20:56:44.668323', '00000000-0000-0000-0000-000000000003', 1, 1, NULL, NULL, NULL, NULL, '33333333-3333-3333-3333-333333333333', NULL);
INSERT INTO public.containers VALUES ('523dc51d-0090-4c47-b67d-c92cd3630e4d', 'Y6787897-118314', NULL, true, '2026-01-11 20:41:58.325242', '00000000-0000-0000-0000-000000000001', '2026-01-11 20:41:58.325242', '00000000-0000-0000-0000-000000000001', 1, 1, NULL, NULL, NULL, NULL, '33333333-3333-3333-3333-333333333333', NULL);
INSERT INTO public.containers VALUES ('b5479921-83af-49e4-9ca4-efea13d85a27', 'T879721678-042308', NULL, true, '2026-01-11 21:47:22.317806', '00000000-0000-0000-0000-000000000001', '2026-01-11 21:47:22.317806', '00000000-0000-0000-0000-000000000001', 1, 1, NULL, NULL, NULL, NULL, '33333333-3333-3333-3333-333333333333', NULL);
INSERT INTO public.containers VALUES ('5461535c-b6c5-4810-b8c5-c524f7dccffe', 'T678563726-147192', NULL, true, '2026-01-11 22:22:27.204975', '00000000-0000-0000-0000-000000000001', '2026-01-11 22:22:27.204975', '00000000-0000-0000-0000-000000000001', 1, 1, NULL, NULL, NULL, NULL, '33333333-3333-3333-3333-333333333333', NULL);
INSERT INTO public.containers VALUES ('bc3fdae6-f2c4-40f0-ace9-6ff82ab975d0', 'F643780267-875567', NULL, true, '2026-01-11 23:41:15.577757', '00000000-0000-0000-0000-000000000001', '2026-01-11 23:41:15.577757', '00000000-0000-0000-0000-000000000001', 1, 1, NULL, NULL, NULL, NULL, '33333333-3333-3333-3333-333333333333', NULL);
INSERT INTO public.containers VALUES ('beda05a0-c1b6-44a4-bfe0-5b2ae6d53bac', 'T7897979-976909', NULL, true, '2026-01-11 23:59:36.922327', '00000000-0000-0000-0000-000000000001', '2026-01-11 23:59:36.922327', '00000000-0000-0000-0000-000000000001', 1, 1, NULL, NULL, NULL, NULL, '33333333-3333-3333-3333-333333333333', NULL);
INSERT INTO public.containers VALUES ('a992455b-5872-498b-aace-d5ff36ba7e7d', 'B6780867-359436', NULL, true, '2026-01-19 17:39:19.448364', '00000000-0000-0000-0000-000000000003', '2026-01-19 17:39:19.448364', '00000000-0000-0000-0000-000000000003', 1, 1, NULL, NULL, NULL, NULL, '33333333-3333-3333-3333-333333333333', NULL);
INSERT INTO public.containers VALUES ('33d60dc0-c823-4880-8d2b-a790efb6e0ed', 'QC-B20261901-01-1-Container', 'Container for QC sample QC-B20261901-01-1', true, '2026-01-19 21:26:23.113949', '00000000-0000-0000-0000-000000000003', '2026-01-19 21:26:23.113949', '00000000-0000-0000-0000-000000000003', 1, 1, NULL, NULL, NULL, NULL, '33333333-3333-3333-3333-333333333333', NULL);
INSERT INTO public.containers VALUES ('9d6eee9e-9745-4340-a238-05be09399073', 'QC-B767-1', 'Container for QC sample QC-B767-1', true, '2026-01-21 02:27:36.3619', '00000000-0000-0000-0000-000000000003', '2026-01-21 02:27:36.3619', '00000000-0000-0000-0000-000000000003', 1, 1, NULL, NULL, NULL, NULL, '33333333-3333-3333-3333-333333333333', NULL);
INSERT INTO public.containers VALUES ('30daf486-948d-484a-b161-a480c2e2c13f', '437678M890-509963', NULL, true, '2026-01-25 20:38:29.980199', '00000000-0000-0000-0000-000000000001', '2026-01-25 20:38:29.980199', '00000000-0000-0000-0000-000000000001', 1, 1, NULL, NULL, NULL, NULL, '33333333-3333-3333-3333-333333333333', NULL);


--
-- Data for Name: batch_containers; Type: TABLE DATA; Schema: public; Owner: -
--

INSERT INTO public.batch_containers VALUES ('cdec0d47-951c-422e-b029-177d2c8102bf', '1477fa9b-d946-4ffc-a084-d9728774def9', NULL, NULL);
INSERT INTO public.batch_containers VALUES ('cdec0d47-951c-422e-b029-177d2c8102bf', 'b5479921-83af-49e4-9ca4-efea13d85a27', NULL, NULL);
INSERT INTO public.batch_containers VALUES ('cdec0d47-951c-422e-b029-177d2c8102bf', '33d60dc0-c823-4880-8d2b-a790efb6e0ed', NULL, 'Auto-suggested for small batch');
INSERT INTO public.batch_containers VALUES ('9d1fb72d-8a55-462a-bbcb-517ff59ad789', '9d6eee9e-9745-4340-a238-05be09399073', NULL, NULL);


--
-- Data for Name: clients; Type: TABLE DATA; Schema: public; Owner: -
--

INSERT INTO public.clients VALUES ('11111111-1111-1111-1111-111111111111', 'UAT Test Client', 'Test client for UAT testing', true, '2026-01-10 19:32:31.030314', NULL, '2026-01-25 22:30:09.37705', '00000000-0000-0000-0000-000000000001', '{"zip": "12345", "city": "Test City", "state": "TS", "address": "123 Test St"}');
INSERT INTO public.clients VALUES ('00000000-0000-0000-0000-000000000001', 'System', 'System client for admin users', true, '2026-01-10 19:32:31.030314', NULL, '2026-01-25 22:30:13.490272', '00000000-0000-0000-0000-000000000001', '{}');


--
-- Data for Name: roles; Type: TABLE DATA; Schema: public; Owner: -
--

INSERT INTO public.roles VALUES ('aaaaaaaa-aaaa-aaaa-aaaa-aaaaaaaaaaaa', 'Administrator', 'System administrator', true, '2026-01-10 19:32:31.030314', NULL, '2026-01-10 19:32:31.030314', NULL);
INSERT INTO public.roles VALUES ('bbbbbbbb-bbbb-bbbb-bbbb-bbbbbbbbbbbb', 'Lab Manager', 'Laboratory manager', true, '2026-01-10 19:32:31.030314', NULL, '2026-01-10 19:32:31.030314', NULL);
INSERT INTO public.roles VALUES ('cccccccc-cccc-cccc-cccc-cccccccccccc', 'Lab Technician', 'Laboratory technician', true, '2026-01-10 19:32:31.030314', NULL, '2026-01-10 19:32:31.030314', NULL);
INSERT INTO public.roles VALUES ('dddddddd-dddd-dddd-dddd-dddddddddddd', 'Client', 'Client user', true, '2026-01-10 19:32:31.030314', NULL, '2026-01-10 19:32:31.030314', NULL);


--
-- Data for Name: users; Type: TABLE DATA; Schema: public; Owner: -
--

INSERT INTO public.users VALUES ('9be3a004-7d2c-4910-a142-03f38a99305c', 'Client User', NULL, true, '2026-01-10 19:32:31.030314', NULL, '2026-01-31 03:52:36.408227', '00000000-0000-0000-0000-000000000001', 'client', '186474c1f2c2f735a54c2cf82ee8e87f2a5cd30940e280029363fecedfc5328c', 'client@example.com', 'dddddddd-dddd-dddd-dddd-dddddddddddd', '11111111-1111-1111-1111-111111111111', '2026-01-31 03:52:36.408227');
INSERT INTO public.users VALUES ('00000000-0000-0000-0000-000000000001', 'System Administrator', NULL, true, '2026-01-10 19:32:31.030314', NULL, '2026-01-31 03:52:54.175942', NULL, 'admin', '240be518fabd2724ddb6f04eeb1da5967448d7e831c08c8fa822809f74c720a9', 'admin@lims.example.com', 'aaaaaaaa-aaaa-aaaa-aaaa-aaaaaaaaaaaa', '00000000-0000-0000-0000-000000000001', '2026-01-31 03:52:54.175942');
INSERT INTO public.users VALUES ('00000000-0000-0000-0000-000000000003', 'Lab Technician', NULL, true, '2026-01-10 19:32:31.030314', NULL, '2026-01-25 20:27:39.185134', '00000000-0000-0000-0000-000000000001', 'lab-tech', 'd81968c60a8a41bdafcb3c5825bf8bc4a76dccc932d673e3f9a7b71ce4538596', 'lab-tech@lims.example.com', 'cccccccc-cccc-cccc-cccc-cccccccccccc', '00000000-0000-0000-0000-000000000001', '2026-01-25 20:27:39.185134');
INSERT INTO public.users VALUES ('00000000-0000-0000-0000-000000000002', 'Lab Manager', NULL, true, '2026-01-10 19:32:31.030314', NULL, '2026-01-19 18:04:13.20176', NULL, 'lab-manager', '7dd63afe29407aa45af7fdd4388b71195b552688c2750abd42bdf3b231c13b69', 'lab-manager@lims.example.com', 'bbbbbbbb-bbbb-bbbb-bbbb-bbbbbbbbbbbb', '00000000-0000-0000-0000-000000000001', '2026-01-19 14:51:04.344358');


--
-- Data for Name: test_batteries; Type: TABLE DATA; Schema: public; Owner: -
--

INSERT INTO public.test_batteries VALUES ('c0000001-c000-c000-c000-c00000000001', 'EPA 8080 Full', 'Complete EPA Method 8080 test battery for Organochlorine Pesticides and PCBs', true, '2026-01-10 19:32:31.030314', NULL, '2026-01-10 19:32:31.030314', NULL);


--
-- Data for Name: battery_analyses; Type: TABLE DATA; Schema: public; Owner: -
--

INSERT INTO public.battery_analyses VALUES ('c0000001-c000-c000-c000-c00000000001', 'b0000002-b000-b000-b000-b00000000002', 2, false);
INSERT INTO public.battery_analyses VALUES ('c0000001-c000-c000-c000-c00000000001', 'b0000002-b000-b000-b000-b00000000004', 1, false);


--
-- Data for Name: client_projects; Type: TABLE DATA; Schema: public; Owner: -
--

INSERT INTO public.client_projects VALUES ('a1f0e9d6-9a96-4c13-85df-c8b68387e50c', 'Admin Project', NULL, '00000000-0000-0000-0000-000000000001', true, '2026-01-25 20:42:38.865988', '00000000-0000-0000-0000-000000000001', '2026-01-25 20:42:38.865988', '00000000-0000-0000-0000-000000000001', '{}');
INSERT INTO public.client_projects VALUES ('22222222-2222-2222-2222-222222222222', 'UAT Test Project', 'Test client project for UAT testing', '11111111-1111-1111-1111-111111111111', true, '2026-01-10 19:32:31.030314', NULL, '2026-01-31 04:00:10.314823', '9be3a004-7d2c-4910-a142-03f38a99305c', '{}');


--
-- Data for Name: people; Type: TABLE DATA; Schema: public; Owner: -
--



--
-- Data for Name: contact_methods; Type: TABLE DATA; Schema: public; Owner: -
--



--
-- Data for Name: projects; Type: TABLE DATA; Schema: public; Owner: -
--

INSERT INTO public.projects VALUES ('990e0bdc-4ff7-4cd9-b455-f18f7946329d', 'PROJ-UATTESTCLI-20260110-001', NULL, true, '2026-01-10 20:56:44.686537', '00000000-0000-0000-0000-000000000003', '2026-01-10 20:56:44.686537', '00000000-0000-0000-0000-000000000003', '2026-01-10 00:00:00', '11111111-1111-1111-1111-111111111111', '795d9f88-cd74-4982-b6d0-ed6b783c6e0c', NULL, '{}', NULL);
INSERT INTO public.projects VALUES ('26ba8b0a-b563-4258-ae86-5ded32a36a54', 'PROJ-UATTESTCLI-20260111-003', NULL, true, '2026-01-11 21:47:22.343166', '00000000-0000-0000-0000-000000000001', '2026-01-11 21:47:22.343166', '00000000-0000-0000-0000-000000000001', '2026-01-11 00:00:00', '11111111-1111-1111-1111-111111111111', '795d9f88-cd74-4982-b6d0-ed6b783c6e0c', '22222222-2222-2222-2222-222222222222', '{}', NULL);
INSERT INTO public.projects VALUES ('924664eb-9ed0-48ef-982f-56cb26a3ff13', 'PROJ-UATTESTCLI-20260111-004', NULL, true, '2026-01-11 22:22:27.234559', '00000000-0000-0000-0000-000000000001', '2026-01-11 22:22:27.234559', '00000000-0000-0000-0000-000000000001', '2026-01-11 00:00:00', '11111111-1111-1111-1111-111111111111', '795d9f88-cd74-4982-b6d0-ed6b783c6e0c', '22222222-2222-2222-2222-222222222222', '{}', NULL);
INSERT INTO public.projects VALUES ('71d6b564-5cb2-4ed1-b953-6470f90f292a', 'PROJ-UATTESTCLI-20260111-005', NULL, true, '2026-01-11 23:41:15.603047', '00000000-0000-0000-0000-000000000001', '2026-01-11 23:41:15.603047', '00000000-0000-0000-0000-000000000001', '2026-01-11 00:00:00', '11111111-1111-1111-1111-111111111111', '795d9f88-cd74-4982-b6d0-ed6b783c6e0c', '22222222-2222-2222-2222-222222222222', '{}', NULL);
INSERT INTO public.projects VALUES ('5791eaa1-5365-4482-8bce-55dfb262c83f', 'PROJ-UATTESTCLI-20260111-006', NULL, true, '2026-01-11 23:59:36.955813', '00000000-0000-0000-0000-000000000001', '2026-01-11 23:59:36.955813', '00000000-0000-0000-0000-000000000001', '2026-01-11 00:00:00', '11111111-1111-1111-1111-111111111111', '795d9f88-cd74-4982-b6d0-ed6b783c6e0c', '22222222-2222-2222-2222-222222222222', '{}', NULL);
INSERT INTO public.projects VALUES ('9cbdb8ce-b277-4af4-89c7-b4fa4390f138', 'PROJ-SYSTEM-20260119-007', NULL, true, '2026-01-19 17:39:19.477079', '00000000-0000-0000-0000-000000000003', '2026-01-19 17:39:19.477079', '00000000-0000-0000-0000-000000000003', '2026-01-19 00:00:00', '00000000-0000-0000-0000-000000000001', '795d9f88-cd74-4982-b6d0-ed6b783c6e0c', NULL, '{}', NULL);
INSERT INTO public.projects VALUES ('00000000-0000-0000-0000-000000000002', 'Laboratory QC', 'System project for batch QC samples. All QC samples created during batch creation are associated with this project to serve as batch-level quality controls shared across all client projects in the batch.', true, '2026-01-21 01:21:44.054529', NULL, '2026-01-21 01:21:44.054529', NULL, '2026-01-21 01:21:44.054529', '00000000-0000-0000-0000-000000000001', '795d9f88-cd74-4982-b6d0-ed6b783c6e0c', NULL, '{}', NULL);
INSERT INTO public.projects VALUES ('64d0a595-bbbf-42f6-82e9-00b5b2707132', 'PROJ-SYSTEM-20260125-008', NULL, true, '2026-01-25 20:38:30.010799', '00000000-0000-0000-0000-000000000001', '2026-01-25 20:38:30.010799', '00000000-0000-0000-0000-000000000001', '2026-01-25 00:00:00', '00000000-0000-0000-0000-000000000001', '795d9f88-cd74-4982-b6d0-ed6b783c6e0c', NULL, '{}', NULL);


--
-- Data for Name: samples; Type: TABLE DATA; Schema: public; Owner: -
--

INSERT INTO public.samples VALUES ('e003579c-0126-4dda-b0ad-325447f5e782', 'SAMPLE-2026-003', '', true, '2026-01-11 22:22:27.234559', '00000000-0000-0000-0000-000000000001', '2026-01-11 22:22:27.234559', '00000000-0000-0000-0000-000000000001', '2026-01-31 00:00:00', '2026-01-11 00:00:00', NULL, '6d8597b9-bf13-4d31-a643-ffa28b748ae0', 'e14af09a-6f40-4e71-b92a-3b61a12a988b', '08ca1ed0-a10b-4c09-848e-e4c93bbe0dd1', 4.00, NULL, '924664eb-9ed0-48ef-982f-56cb26a3ff13', '3fbab49c-0277-44e8-8e56-67ca4777ac4e', NULL, '{"pH": 6.8, "Sample_Color": "Clear"}', NULL);
INSERT INTO public.samples VALUES ('cd9fa678-53ce-4311-a327-b7d5835270f3', 'SAMPLE-2026-004', 'yet another test', true, '2026-01-11 23:41:15.603047', '00000000-0000-0000-0000-000000000001', '2026-01-11 23:41:15.603047', '00000000-0000-0000-0000-000000000001', '2026-01-31 00:00:00', '2026-01-11 00:00:00', NULL, '6d8597b9-bf13-4d31-a643-ffa28b748ae0', 'e14af09a-6f40-4e71-b92a-3b61a12a988b', '2bc99aba-c038-4b53-bc98-65745d3ee4ad', 0.00, NULL, '71d6b564-5cb2-4ed1-b953-6470f90f292a', '3fbab49c-0277-44e8-8e56-67ca4777ac4e', NULL, '{"pH": 5.9, "Sample_Color": "green"}', NULL);
INSERT INTO public.samples VALUES ('5d38f989-a658-4ece-956b-43b089e3adff', 'SAMPLE-2026-002', 'another test', true, '2026-01-11 21:47:22.343166', '00000000-0000-0000-0000-000000000001', '2026-01-19 13:52:40.689704', '00000000-0000-0000-0000-000000000001', '2026-01-31 00:00:00', '2026-01-11 00:00:00', NULL, '6d8597b9-bf13-4d31-a643-ffa28b748ae0', 'e14af09a-6f40-4e71-b92a-3b61a12a988b', '08ca1ed0-a10b-4c09-848e-e4c93bbe0dd1', 4.00, NULL, '26ba8b0a-b563-4258-ae86-5ded32a36a54', '3fbab49c-0277-44e8-8e56-67ca4777ac4e', NULL, '{"pH": 6.8, "Sample_Color": "clear"}', NULL);
INSERT INTO public.samples VALUES ('913ec796-f56c-44da-9b81-c6bee5275cc3', 'SAMPLE-2026-001', 'no', true, '2026-01-10 20:56:44.686537', '00000000-0000-0000-0000-000000000003', '2026-01-19 14:46:45.099247', '00000000-0000-0000-0000-000000000003', '2026-01-31 00:00:00', '2026-01-10 00:00:00', NULL, '6d8597b9-bf13-4d31-a643-ffa28b748ae0', 'e14af09a-6f40-4e71-b92a-3b61a12a988b', '19c5dad9-8e35-4183-868e-4d0409178b07', 4.00, NULL, '990e0bdc-4ff7-4cd9-b455-f18f7946329d', '3fbab49c-0277-44e8-8e56-67ca4777ac4e', NULL, '{"pH": 7, "Sample_Color": "Green"}', NULL);
INSERT INTO public.samples VALUES ('c2de8d20-1039-46cb-a790-836f203d7724', 'SAMPLE-2026-005', 'testing', true, '2026-01-11 23:59:36.955813', '00000000-0000-0000-0000-000000000001', '2026-01-19 14:51:45.54208', '00000000-0000-0000-0000-000000000002', '2026-01-23 00:00:00', '2026-01-11 00:00:00', NULL, '6d8597b9-bf13-4d31-a643-ffa28b748ae0', 'e14af09a-6f40-4e71-b92a-3b61a12a988b', '08ca1ed0-a10b-4c09-848e-e4c93bbe0dd1', 4.00, NULL, '5791eaa1-5365-4482-8bce-55dfb262c83f', '3fbab49c-0277-44e8-8e56-67ca4777ac4e', NULL, '{"pH": 7, "Sample_Color": "reddish"}', NULL);
INSERT INTO public.samples VALUES ('1866b029-1550-4fa5-ada3-3af72283f41b', 'SAMPLE-2026-006', 'a test', true, '2026-01-19 17:39:19.477079', '00000000-0000-0000-0000-000000000003', '2026-01-19 17:39:19.477079', '00000000-0000-0000-0000-000000000003', '2026-02-04 00:00:00', '2026-01-19 00:00:00', NULL, '6d8597b9-bf13-4d31-a643-ffa28b748ae0', 'e14af09a-6f40-4e71-b92a-3b61a12a988b', '2bc99aba-c038-4b53-bc98-65745d3ee4ad', 4.00, NULL, '9cbdb8ce-b277-4af4-89c7-b4fa4390f138', '3fbab49c-0277-44e8-8e56-67ca4777ac4e', NULL, '{"pH": 8, "Sample_Color": "Brown"}', NULL);
INSERT INTO public.samples VALUES ('f450cdb5-016a-4ad3-baea-8c07d4e7cad6', 'QC-B20261901-01-1', 'QC sample (Blank): Auto-suggested for small batch', true, '2026-01-19 21:26:23.113949', '00000000-0000-0000-0000-000000000003', '2026-01-19 21:26:23.113949', '00000000-0000-0000-0000-000000000003', '2026-01-31 00:00:00', '2026-01-19 21:26:23.173441', NULL, '6d8597b9-bf13-4d31-a643-ffa28b748ae0', 'e14af09a-6f40-4e71-b92a-3b61a12a988b', '19c5dad9-8e35-4183-868e-4d0409178b07', 4.00, NULL, '990e0bdc-4ff7-4cd9-b455-f18f7946329d', 'cbb3b907-e048-4f7d-9d44-db5262a895c0', NULL, '{}', NULL);
INSERT INTO public.samples VALUES ('77575273-50e9-4ac0-afde-04233490e56b', 'QC-B767-1', 'QC sample (Blank)', true, '2026-01-21 02:27:36.3619', '00000000-0000-0000-0000-000000000003', '2026-01-21 02:27:36.3619', '00000000-0000-0000-0000-000000000003', NULL, '2026-01-21 02:27:36.391795', NULL, '7a8f9cd7-a71d-4420-9738-5a77c972b215', 'e14af09a-6f40-4e71-b92a-3b61a12a988b', '08ca1ed0-a10b-4c09-848e-e4c93bbe0dd1', NULL, NULL, '00000000-0000-0000-0000-000000000002', 'cbb3b907-e048-4f7d-9d44-db5262a895c0', NULL, '{}', NULL);
INSERT INTO public.samples VALUES ('c14344e6-d536-45ca-9b23-3c11b2ea2266', 'SAMPLE-2026-007', '', true, '2026-01-25 20:38:30.010799', '00000000-0000-0000-0000-000000000001', '2026-01-25 20:38:30.010799', '00000000-0000-0000-0000-000000000001', '2026-02-14 00:00:00', '2026-01-25 00:00:00', NULL, '6d8597b9-bf13-4d31-a643-ffa28b748ae0', 'e14af09a-6f40-4e71-b92a-3b61a12a988b', '2bc99aba-c038-4b53-bc98-65745d3ee4ad', 0.00, NULL, '64d0a595-bbbf-42f6-82e9-00b5b2707132', '3fbab49c-0277-44e8-8e56-67ca4777ac4e', NULL, '{"pH": 8.1, "Sample_Color": "clear"}', NULL);


--
-- Data for Name: contents; Type: TABLE DATA; Schema: public; Owner: -
--

INSERT INTO public.contents VALUES ('1477fa9b-d946-4ffc-a084-d9728774def9', '913ec796-f56c-44da-9b81-c6bee5275cc3', NULL, NULL, NULL, NULL);
INSERT INTO public.contents VALUES ('b5479921-83af-49e4-9ca4-efea13d85a27', '5d38f989-a658-4ece-956b-43b089e3adff', NULL, NULL, NULL, NULL);
INSERT INTO public.contents VALUES ('5461535c-b6c5-4810-b8c5-c524f7dccffe', 'e003579c-0126-4dda-b0ad-325447f5e782', NULL, NULL, NULL, NULL);
INSERT INTO public.contents VALUES ('bc3fdae6-f2c4-40f0-ace9-6ff82ab975d0', 'cd9fa678-53ce-4311-a327-b7d5835270f3', NULL, NULL, NULL, NULL);
INSERT INTO public.contents VALUES ('beda05a0-c1b6-44a4-bfe0-5b2ae6d53bac', 'c2de8d20-1039-46cb-a790-836f203d7724', NULL, NULL, NULL, NULL);
INSERT INTO public.contents VALUES ('a992455b-5872-498b-aace-d5ff36ba7e7d', '1866b029-1550-4fa5-ada3-3af72283f41b', NULL, NULL, NULL, NULL);
INSERT INTO public.contents VALUES ('33d60dc0-c823-4880-8d2b-a790efb6e0ed', 'f450cdb5-016a-4ad3-baea-8c07d4e7cad6', NULL, NULL, NULL, NULL);
INSERT INTO public.contents VALUES ('9d6eee9e-9745-4340-a238-05be09399073', '77575273-50e9-4ac0-afde-04233490e56b', NULL, NULL, NULL, NULL);
INSERT INTO public.contents VALUES ('30daf486-948d-484a-b161-a480c2e2c13f', 'c14344e6-d536-45ca-9b23-3c11b2ea2266', NULL, NULL, NULL, NULL);


--
-- Data for Name: custom_attributes_config; Type: TABLE DATA; Schema: public; Owner: -
--

INSERT INTO public.custom_attributes_config VALUES ('464ff563-57a0-405c-bd78-d1b45c0f114f', 'samples', 'pH', 'number', '{"max": 14, "min": 0}', 'pH level', true, '2026-01-10 20:42:08.492983', '00000000-0000-0000-0000-000000000001', '2026-01-10 20:42:08.492983', '00000000-0000-0000-0000-000000000001');
INSERT INTO public.custom_attributes_config VALUES ('1fdab005-c4b6-4345-bf67-115034409a32', 'samples', 'Sample_Color', 'text', '{"min_length": 5}', 'Color at sample receipt', true, '2026-01-10 20:43:27.137389', '00000000-0000-0000-0000-000000000001', '2026-01-10 20:43:46.165547', '00000000-0000-0000-0000-000000000001');


--
-- Data for Name: help_entries; Type: TABLE DATA; Schema: public; Owner: -
--

INSERT INTO public.help_entries VALUES ('816ae59f-8286-41b1-9323-f1945c52ef33', 'Viewing Projects', 'Step-by-step guide to access your samples and results. Navigate to the Projects section to view all projects associated with your client account. Click on a project to see detailed information including samples, tests, and results.', 'Viewing Projects', 'Step-by-step guide to access your samples and results. Navigate to the Projects section to view all projects associated with your client account. Click on a project to see detailed information including samples, tests, and results.', 'Client', true, '2026-01-10 19:32:31.030314', NULL, '2026-01-10 19:32:31.030314', NULL);
INSERT INTO public.help_entries VALUES ('1b778a39-9bf1-4513-9d5f-7cfedb466cfd', 'Viewing Samples', 'Learn how to view and filter your samples. In the Samples section, you can see all samples associated with your projects. Use the filters to search by sample name, status, or date range. Click on a sample to view detailed information including test assign', 'Viewing Samples', 'Learn how to view and filter your samples. In the Samples section, you can see all samples associated with your projects. Use the filters to search by sample name, status, or date range. Click on a sample to view detailed information including test assignments and results.', 'Client', true, '2026-01-10 19:32:31.030314', NULL, '2026-01-10 19:32:31.030314', NULL);
INSERT INTO public.help_entries VALUES ('1dc4420f-93e2-486e-b740-225872840c97', 'Viewing Results', 'Understand how to access and interpret your test results. Results are organized by test and sample. Navigate to the Results section to view all completed tests. Each result shows the analyte name, value, units, and any qualifiers. Results are automaticall', 'Viewing Results', 'Understand how to access and interpret your test results. Results are organized by test and sample. Navigate to the Results section to view all completed tests. Each result shows the analyte name, value, units, and any qualifiers. Results are automatically updated as tests are completed.', 'Client', true, '2026-01-10 19:32:31.030314', NULL, '2026-01-10 19:32:31.030314', NULL);
INSERT INTO public.help_entries VALUES ('3bbda264-9e06-4ad8-a622-371168c66c05', 'Getting Started', 'Welcome to NimbleLIMS! This system allows you to view your laboratory samples, tests, and results. Start by exploring the Dashboard to see an overview of your projects and samples. Use the navigation menu to access different sections of the system.', 'Getting Started', 'Welcome to NimbleLIMS! This system allows you to view your laboratory samples, tests, and results. Start by exploring the Dashboard to see an overview of your projects and samples. Use the navigation menu to access different sections of the system.', NULL, true, '2026-01-10 19:32:31.030314', NULL, '2026-01-10 19:32:31.030314', NULL);
INSERT INTO public.help_entries VALUES ('dcab66a3-1908-4a45-ba55-efa52aa1e468', 'Accessioning Workflow', 'Step-by-step guide to sample accessioning:

1. Enter sample details: name (unique), description, due date, received date, sample type, matrix, storage temperature, and project.
2. Assign container: Select container type from admin-preconfigured types, ent', 'Accessioning Workflow', 'Step-by-step guide to sample accessioning:

1. Enter sample details: name (unique), description, due date, received date, sample type, matrix, storage temperature, and project.
2. Assign container: Select container type from admin-preconfigured types, enter container name/barcode (unique), set position for plate-based containers.
3. Assign tests: Choose individual analyses or test battery. System automatically creates tests for all analyses in battery.
4. Review and submit: Validate all information before submission.

Bulk tip (US-24): Enable bulk mode for multiple samples. Enter common fields once, then unique fields per sample in table format. Auto-naming available with prefix and start number.

Requires permission: sample:create', 'lab-technician', true, '2026-01-10 19:32:31.030314', NULL, '2026-01-10 19:32:31.030314', NULL);
INSERT INTO public.help_entries VALUES ('c3e1bdf3-8cc8-4b65-b1b5-58c92e9a470b', 'Batch Creation', 'Create batches to group samples for testing:

1. Select containers: Choose containers from available samples. All samples in selected containers must share compatible analyses.
2. Set batch details: Enter batch type (optional), start date, and notes.
3. V', 'Batch Creation', 'Create batches to group samples for testing:

1. Select containers: Choose containers from available samples. All samples in selected containers must share compatible analyses.
2. Set batch details: Enter batch type (optional), start date, and notes.
3. Validate compatibility: System checks that all samples have compatible test assignments before batch creation.
4. QC requirements: System may require QC samples based on batch type configuration. QC samples are created automatically in the same transaction.

Batch status flow: Created → In Process → Completed. Batch end_date is set automatically when all tests are complete.

Requires permission: batch:create', 'lab-technician', true, '2026-01-10 19:32:31.030314', NULL, '2026-01-10 19:32:31.030314', NULL);
INSERT INTO public.help_entries VALUES ('bd2e8378-76f7-4acd-a7d5-dd30ea748736', 'Results Entry', 'Enter test results for samples in a batch:

Single-test entry:
1. Select batch and test from Results Management.
2. System loads all analytes configured for the selected test.
3. Enter results: For each sample, enter raw_result, reported_result, and quali', 'Results Entry', 'Enter test results for samples in a batch:

Single-test entry:
1. Select batch and test from Results Management.
2. System loads all analytes configured for the selected test.
3. Enter results: For each sample, enter raw_result, reported_result, and qualifiers (if applicable).
4. Save: System validates all results and creates result records.

Batch results entry (US-28):
1. Select batch from Results Management.
2. Use tabular interface: Rows = samples, Columns = analytes.
3. Enter results directly in table cells with real-time validation.
4. Submit: All results saved atomically. Test status updates to "Complete" when all analytes entered. Batch status auto-updates to "Completed" when all tests are complete.

Validation: Required fields, numeric ranges, significant figures. QC validation checks for missing results and out-of-range values.

Requires permission: result:create', 'lab-technician', true, '2026-01-10 19:32:31.030314', NULL, '2026-01-10 19:32:31.030314', NULL);
INSERT INTO public.help_entries VALUES ('4a508a0d-7c43-4b1f-9814-e8d9d6e9fd8a', 'Container Management', 'Manage sample containers:

Container types are pre-configured by administrators. During accessioning, select a container type and create the container instance.

Container details:
- Name/barcode: Unique identifier (required)
- Position: Row and column fo', 'Container Management', 'Manage sample containers:

Container types are pre-configured by administrators. During accessioning, select a container type and create the container instance.

Container details:
- Name/barcode: Unique identifier (required)
- Position: Row and column for plate-based containers
- Concentration and amount: Optional with units
- Parent container: Optional for hierarchical relationships

Containers are created dynamically during sample accessioning. Samples are always received in a container, which must be specified during accessioning.

Requires permission: container:create', 'lab-technician', true, '2026-01-10 19:32:31.030314', NULL, '2026-01-10 19:32:31.030314', NULL);
INSERT INTO public.help_entries VALUES ('2d107ac2-75fd-4e7a-b845-9250165b5538', 'Test Assignment', 'Assign tests to samples during accessioning:

Options:
1. Individual analyses: Select one or more analyses from available list. Each analysis creates a separate test instance with status "In Process".
2. Test battery: Select a pre-configured test battery.', 'Test Assignment', 'Assign tests to samples during accessioning:

Options:
1. Individual analyses: Select one or more analyses from available list. Each analysis creates a separate test instance with status "In Process".
2. Test battery: Select a pre-configured test battery. System automatically creates tests for all analyses in battery, ordered by sequence.
3. Combined: Assign both battery and individual analyses. System prevents duplicate test creation if analysis already exists from battery.

Test status flow: In Process → In Analysis → Complete

After assignment, tests are ready for results entry. Tests can be viewed and managed in the Tests section.

Requires permission: test:create', 'lab-technician', true, '2026-01-10 19:32:31.030314', NULL, '2026-01-10 19:32:31.030314', NULL);
INSERT INTO public.help_entries VALUES ('50563072-c5fe-48a0-8389-86ce07b1e20a', 'Getting Started', 'Welcome to NimbleLIMS! As a Lab Technician, you can:

- Accession samples: Receive and register new samples with test assignments
- Create batches: Group samples for efficient testing workflows
- Enter results: Record test results for samples in batches
-', 'Getting Started', 'Welcome to NimbleLIMS! As a Lab Technician, you can:

- Accession samples: Receive and register new samples with test assignments
- Create batches: Group samples for efficient testing workflows
- Enter results: Record test results for samples in batches
- Manage containers: Track sample storage and location

Start by accessing the Dashboard for an overview of your work. Use the navigation menu to access different sections. Each workflow requires specific permissions - contact your Lab Manager if you need additional access.

For detailed instructions, see the specific help sections for each workflow.', 'lab-technician', true, '2026-01-10 19:32:31.030314', NULL, '2026-01-10 19:32:31.030314', NULL);
INSERT INTO public.help_entries VALUES ('2309a1d2-538b-40c8-a718-6eafeb397e8b', 'Results Review', 'Guide: Approve results, check QC. Use result:review permission. Flag issues per US-12.

Review workflow:
1. Access batch view: Navigate to Results Management and select a batch.
2. Review test results: Check all analytes for each sample in the batch.
3. V', 'Results Review', 'Guide: Approve results, check QC. Use result:review permission. Flag issues per US-12.

Review workflow:
1. Access batch view: Navigate to Results Management and select a batch.
2. Review test results: Check all analytes for each sample in the batch.
3. Validate QC: Ensure QC samples meet acceptance criteria. Flag out-of-range values and missing results.
4. Approve results: Update test status to "Complete" after review. System records review_date automatically.
5. Flag issues: Document any anomalies or concerns per US-12 requirements. Contact technicians for clarification if needed.

Quality checks:
- Verify all required analytes have results
- Check numeric ranges and significant figures
- Validate qualifiers are appropriate
- Ensure batch status progression: Created → In Process → Completed

Requires permission: result:review', 'lab-manager', true, '2026-01-10 19:32:31.030314', NULL, '2026-01-10 19:32:31.030314', NULL);
INSERT INTO public.help_entries VALUES ('c8217ba3-c141-452e-87a1-06ccfa9647f6', 'Batch Management', 'Oversee batch operations and workflow:

Batch oversight:
1. Monitor batch status: Track batches from creation through completion. View all batches with filtering by status, type, and date range.
2. Review batch composition: Check container assignments and', 'Batch Management', 'Oversee batch operations and workflow:

Batch oversight:
1. Monitor batch status: Track batches from creation through completion. View all batches with filtering by status, type, and date range.
2. Review batch composition: Check container assignments and sample compatibility. Ensure all samples in a batch have compatible test assignments.
3. Manage batch lifecycle: Update batch status as needed. Status flow: Created → In Process → Completed.
4. Batch end_date: Automatically set when all tests are complete, but can be manually adjusted if needed.

QC oversight:
- Verify QC samples are included when required by batch type
- Review QC results during results review process
- Ensure compliance with quality standards

Batch operations:
- Add or remove containers from batches (before testing begins)
- Update batch notes and metadata
- View batch history and audit trail

Requires permission: batch:manage', 'lab-manager', true, '2026-01-10 19:32:31.030314', NULL, '2026-01-10 19:32:31.030314', NULL);
INSERT INTO public.help_entries VALUES ('9f9a5399-d379-4e1a-ae70-50de2e1443aa', 'Project Management', 'Manage projects and client relationships:

Project oversight:
1. View all projects: Access project list with filtering by client, status, and date range.
2. Monitor project status: Track projects through lifecycle. Status values managed via lists configur', 'Project Management', 'Manage projects and client relationships:

Project oversight:
1. View all projects: Access project list with filtering by client, status, and date range.
2. Monitor project status: Track projects through lifecycle. Status values managed via lists configuration.
3. Review project samples: Access all samples associated with a project to monitor progress and completion.
4. Client project coordination: Link projects to client projects for billing and reporting purposes.

Project operations:
- Update project status and metadata
- Assign users to projects with appropriate access levels
- Review project timeline and deadlines
- Monitor sample accessioning and testing progress

Client relationships:
- Coordinate with clients on project requirements
- Ensure proper data isolation per client
- Review client project associations

Requires permission: project:manage', 'lab-manager', true, '2026-01-10 19:32:31.030314', NULL, '2026-01-10 19:32:31.030314', NULL);
INSERT INTO public.help_entries VALUES ('ee7fe60f-236b-4c02-936d-30f1068a75a9', 'Quality Control', 'Ensure quality standards and compliance:

QC responsibilities:
1. Review QC samples: Verify QC samples are created for batches when required by batch type configuration.
2. Validate QC results: Check that QC results meet acceptance criteria. Flag out-of-r', 'Quality Control', 'Ensure quality standards and compliance:

QC responsibilities:
1. Review QC samples: Verify QC samples are created for batches when required by batch type configuration.
2. Validate QC results: Check that QC results meet acceptance criteria. Flag out-of-range values and investigate anomalies.
3. Monitor test accuracy: Review results for consistency and accuracy. Ensure proper use of qualifiers and units.
4. Compliance checks: Verify adherence to US-12 requirements for issue flagging and documentation.

Quality monitoring:
- Track QC sample performance over time
- Identify trends and potential issues
- Ensure proper documentation of exceptions
- Coordinate with technicians on quality concerns

Issue management:
- Flag results that require investigation
- Document quality issues per US-12
- Follow up on flagged items until resolution
- Maintain audit trail of quality actions

Requires permission: result:review', 'lab-manager', true, '2026-01-10 19:32:31.030314', NULL, '2026-01-10 19:32:31.030314', NULL);
INSERT INTO public.help_entries VALUES ('6f7e3256-ff8a-499b-a13d-d74c85856df7', 'Test Assignment Oversight', 'Oversee test assignments and configurations:

Assignment oversight:
1. Review test assignments: Monitor which tests are assigned to samples during accessioning. Ensure appropriate analyses and batteries are used.
2. Validate test configurations: Verify th', 'Test Assignment Oversight', 'Oversee test assignments and configurations:

Assignment oversight:
1. Review test assignments: Monitor which tests are assigned to samples during accessioning. Ensure appropriate analyses and batteries are used.
2. Validate test configurations: Verify that test assignments align with project requirements and client specifications.
3. Monitor test status: Track tests through workflow: In Process → In Analysis → Complete.
4. Coordinate with technicians: Provide guidance on test assignment decisions and resolve assignment questions.

Test battery management:
- Review use of pre-configured test batteries
- Ensure batteries are applied correctly to appropriate sample types
- Verify battery sequences and optional flags are respected

Analysis oversight:
- Monitor which analyses are most frequently used
- Ensure proper analyte configurations for analyses
- Coordinate with administrators on analysis configuration needs

Requires permission: test:assign', 'lab-manager', true, '2026-01-10 19:32:31.030314', NULL, '2026-01-10 19:32:31.030314', NULL);
INSERT INTO public.help_entries VALUES ('92c8a83e-8c56-4d68-b059-b4c8df593d0a', 'Getting Started', 'Welcome to NimbleLIMS! As a Lab Manager, you oversee laboratory operations:

Key responsibilities:
- Review and approve results: Ensure quality and accuracy of test results
- Manage batches: Oversee batch workflows and monitor progress
- Project managemen', 'Getting Started', 'Welcome to NimbleLIMS! As a Lab Manager, you oversee laboratory operations:

Key responsibilities:
- Review and approve results: Ensure quality and accuracy of test results
- Manage batches: Oversee batch workflows and monitor progress
- Project management: Coordinate projects and client relationships
- Quality control: Maintain quality standards and compliance
- Test oversight: Monitor test assignments and configurations

Start by accessing the Dashboard for an overview of laboratory operations. Use the navigation menu to access different sections. Review pending results in Results Management, monitor active batches, and track project progress.

For detailed instructions, see the specific help sections for each workflow. Contact your Administrator if you need additional permissions or access.', 'lab-manager', true, '2026-01-10 19:32:31.030314', NULL, '2026-01-10 19:32:31.030314', NULL);
INSERT INTO public.help_entries VALUES ('98330dfa-ae8a-4a7f-a6fa-18a5bf36aebc', 'User Management', 'Guide: Create/edit users/roles, assign permissions (user:manage, role:manage). Use admin UI for configs.

User operations:
1. Create users: Navigate to Users Management. Enter username, email, name, and assign role. Set password or enable password reset.
', 'User Management', 'Guide: Create/edit users/roles, assign permissions (user:manage, role:manage). Use admin UI for configs.

User operations:
1. Create users: Navigate to Users Management. Enter username, email, name, and assign role. Set password or enable password reset.
2. Edit users: Update user details, change roles, modify permissions. Users can be activated or deactivated.
3. Assign roles: Select appropriate role for each user. Roles determine default permissions and access levels.
4. Client assignment: For Client role users, assign to specific client for data isolation.

Role management:
- Create custom roles: Define new roles with specific permission sets
- Edit roles: Modify role permissions and descriptions
- Permission assignment: Assign permissions to roles using role:manage permission
- View role permissions: Review which permissions are assigned to each role

Permissions:
- user:manage: Required for user CRUD operations
- role:manage: Required for role and permission management
- config:edit: Required for system configuration changes

Best practices:
- Use strong passwords and enable password policies
- Assign minimal required permissions (principle of least privilege)
- Regularly review user access and deactivate unused accounts
- Document role changes and permission modifications', 'administrator', true, '2026-01-10 19:32:31.030314', NULL, '2026-01-10 19:32:31.030314', NULL);
INSERT INTO public.help_entries VALUES ('33400c23-e3e6-42ef-8c0b-e7621409ba65', 'EAV Configuration', 'Configure custom attributes using Entity-Attribute-Value (EAV) model:

EAV overview:
The EAV model enables administrators to define custom attributes for various entity types without schema changes, providing flexibility for laboratory-specific requiremen', 'EAV Configuration', 'Configure custom attributes using Entity-Attribute-Value (EAV) model:

EAV overview:
The EAV model enables administrators to define custom attributes for various entity types without schema changes, providing flexibility for laboratory-specific requirements.

Custom attributes configuration:
1. Access EAV config: Navigate to Custom Attributes Management in admin UI.
2. Create attribute: Define attribute name, entity type (sample, test, etc.), data type (text, number, date, boolean), and validation rules.
3. Set visibility: Configure which roles can view and edit custom attributes.
4. Define defaults: Set default values and required flags as needed.

Entity types supported:
- Samples: Custom fields for sample metadata
- Tests: Additional test configuration attributes
- Results: Extended result data fields
- Projects: Project-specific custom attributes

EAV editing:
- Edit existing attributes: Modify data types, validation, and visibility
- Deactivate attributes: Disable without deleting to preserve historical data
- View attribute usage: See where custom attributes are used across entities
- Export/import: Backup and restore custom attribute configurations

Data management:
- Custom attribute values are stored in EAV tables
- Values are queryable and filterable in admin UI
- Historical values are preserved for audit purposes
- Bulk updates supported for custom attribute values

Requires permission: config:edit', 'administrator', true, '2026-01-10 19:32:31.030314', NULL, '2026-01-10 19:32:31.030314', NULL);
INSERT INTO public.help_entries VALUES ('bd27847c-2bcc-4d15-a645-6ccda5a43657', 'Row Level Security (RLS)', 'Manage Row Level Security policies for data isolation:

RLS overview:
Row Level Security (RLS) ensures users can only access data they are authorized to view. Policies are enforced at the database level for comprehensive security.

RLS policy management:
', 'Row Level Security (RLS)', 'Manage Row Level Security policies for data isolation:

RLS overview:
Row Level Security (RLS) ensures users can only access data they are authorized to view. Policies are enforced at the database level for comprehensive security.

RLS policy management:
1. Review policies: Check existing RLS policies on tables (samples, results, projects, etc.). Policies are defined in database migrations.
2. Policy structure: Policies use USING clauses to filter rows based on user role, project access, and client assignments.
3. Admin bypass: Administrator role bypasses RLS restrictions to access all data for system administration.
4. Client isolation: Client users see only data associated with their assigned client_id.

Data isolation:
- Project-based: Users see samples/projects they are assigned to
- Client-based: Client users see only their client''s data
- Role-based: Different roles have different access levels
- Cross-project access: Lab Managers can access multiple projects

Policy configuration:
- Policies are created via Alembic migrations
- Use current_user_id() function to identify current user
- Use is_admin() function to check administrator status
- Policies apply to SELECT, INSERT, UPDATE, DELETE operations

Testing RLS:
- Verify policies work correctly for each role
- Test data isolation between clients
- Ensure administrators can access all data
- Validate project-based access restrictions

Requires permission: config:edit (for policy modifications)', 'administrator', true, '2026-01-10 19:32:31.030314', NULL, '2026-01-10 19:32:31.030314', NULL);
INSERT INTO public.help_entries VALUES ('383d661c-2cb5-4747-b359-d5cf09296997', 'System Configuration', 'Manage system-wide configurations and settings:

Configuration areas:
1. Container types: Define container types available for sample storage. Configure dimensions, capacity, and position support (for plates).
2. Analyses: Create and configure analyses wi', 'System Configuration', 'Manage system-wide configurations and settings:

Configuration areas:
1. Container types: Define container types available for sample storage. Configure dimensions, capacity, and position support (for plates).
2. Analyses: Create and configure analyses with associated analytes. Set units, significant figures, and validation rules.
3. Test batteries: Define test batteries with ordered analyses. Configure optional flags and sequences.
4. Lists: Manage list values for status fields, sample types, matrices, and other enumerated fields.
5. Units: Configure measurement units and conversion factors.

Container type management:
- Create container types: Define new container types with specifications
- Edit types: Modify container properties and requirements
- Position support: Enable row/column positions for plate-based containers
- Capacity settings: Configure maximum samples per container

Analysis configuration:
- Create analyses: Define new analyses with name and description
- Configure analytes: Add analytes to analyses with units and validation
- Set defaults: Configure default values and required flags
- Validation rules: Define numeric ranges and format requirements

Test battery setup:
- Create batteries: Define test batteries with multiple analyses
- Set sequence: Order analyses within battery
- Optional flags: Mark analyses as optional in battery
- Usage tracking: Monitor which batteries are used most frequently

List management:
- Create lists: Define new list types (status, sample_type, etc.)
- Add values: Populate lists with allowed values
- Edit values: Modify existing list entries
- Deactivate: Remove values without deleting (preserve historical data)

Requires permission: config:edit', 'administrator', true, '2026-01-10 19:32:31.030314', NULL, '2026-01-10 19:32:31.030314', NULL);
INSERT INTO public.help_entries VALUES ('ce2abd2b-bd5d-4bcf-9892-2cfa62372702', 'Data Management', 'Oversee data operations and system maintenance:

Data oversight:
1. View all data: As administrator, access all samples, tests, results, and projects regardless of RLS restrictions.
2. Audit trails: Review created_at, modified_at, created_by, and modified', 'Data Management', 'Oversee data operations and system maintenance:

Data oversight:
1. View all data: As administrator, access all samples, tests, results, and projects regardless of RLS restrictions.
2. Audit trails: Review created_at, modified_at, created_by, and modified_by fields for all entities.
3. Data integrity: Monitor referential integrity and foreign key relationships.
4. Bulk operations: Perform bulk updates and data migrations as needed.

Project management:
- Create projects: Set up new projects with client associations
- Assign users: Add users to projects with appropriate access
- Monitor progress: Track sample accessioning and testing progress
- Update status: Modify project status and metadata

Batch oversight:
- View all batches: Access batches across all projects
- Monitor status: Track batch progression and completion
- Review results: Access all results for quality assurance
- Resolve issues: Address batch-related problems and errors

User activity:
- Monitor logins: Review last_login timestamps
- Track changes: View audit trails for user actions
- Identify issues: Detect unusual patterns or errors
- Support users: Assist with access and permission issues

System maintenance:
- Database migrations: Run Alembic migrations for schema updates
- Backup operations: Coordinate database backups and restores
- Performance monitoring: Review query performance and indexes
- Log analysis: Review application logs for errors and warnings

Requires permission: All permissions (administrator role)', 'administrator', true, '2026-01-10 19:32:31.030314', NULL, '2026-01-10 19:32:31.030314', NULL);
INSERT INTO public.help_entries VALUES ('de9c54cd-a58c-4511-b955-b64a3beb9ef1', 'Getting Started', 'Welcome to NimbleLIMS! As an Administrator, you manage the entire system:

Key responsibilities:
- User and role management: Create users, assign roles, configure permissions
- System configuration: Set up container types, analyses, test batteries, lists
', 'Getting Started', 'Welcome to NimbleLIMS! As an Administrator, you manage the entire system:

Key responsibilities:
- User and role management: Create users, assign roles, configure permissions
- System configuration: Set up container types, analyses, test batteries, lists
- EAV configuration: Define custom attributes for flexible data modeling
- RLS oversight: Ensure proper data isolation and security policies
- Data management: Oversee all projects, samples, tests, and results
- System maintenance: Perform migrations, backups, and monitoring

Start by accessing the Admin Dashboard for system overview. Use the navigation menu to access different administration sections:
- Users Management: Create and manage users and roles
- Custom Attributes: Configure EAV custom attributes
- System Configuration: Manage analyses, batteries, containers, lists
- Data Views: Access all data across projects and clients

Permissions:
As Administrator, you have all permissions (17 total):
- Sample operations: sample:create, sample:read, sample:update, sample:delete
- Test operations: test:assign, test:update
- Result operations: result:enter, result:review, result:read, result:update, result:delete
- Batch operations: batch:manage, batch:read, batch:update, batch:delete
- Project operations: project:manage, project:read
- System operations: user:manage, role:manage, config:edit

For detailed instructions, see the specific help sections for each area. Contact system support if you need assistance with advanced configurations.', 'administrator', true, '2026-01-10 19:32:31.030314', NULL, '2026-01-10 19:32:31.030314', NULL);


--
-- Data for Name: locations; Type: TABLE DATA; Schema: public; Owner: -
--



--
-- Data for Name: name_templates; Type: TABLE DATA; Schema: public; Owner: -
--

INSERT INTO public.name_templates VALUES ('aaaaaaaa-aaaa-aaaa-aaaa-aaaaaaaaaaa1', 'sample', 'SAMPLE-{YYYY}-{SEQ}', 'Default sample naming template: SAMPLE-YYYY-SEQ (e.g., SAMPLE-2024-001)', true, '2026-01-10 19:32:31.030314', '00000000-0000-0000-0000-000000000001', '2026-01-10 19:32:31.030314', '00000000-0000-0000-0000-000000000001');
INSERT INTO public.name_templates VALUES ('aaaaaaaa-aaaa-aaaa-aaaa-aaaaaaaaaaa2', 'project', 'PROJ-{CLIENT}-{YYYYMMDD}-{SEQ}', 'Default project naming template: PROJ-CLIENT-YYYYMMDD-SEQ (e.g., PROJ-ACME-20240108-001)', true, '2026-01-10 19:32:31.030314', '00000000-0000-0000-0000-000000000001', '2026-01-10 19:32:31.030314', '00000000-0000-0000-0000-000000000001');
INSERT INTO public.name_templates VALUES ('aaaaaaaa-aaaa-aaaa-aaaa-aaaaaaaaaaa3', 'batch', 'BATCH-{YYYYMMDD}-{SEQ}', 'Default batch naming template: BATCH-YYYYMMDD-SEQ (e.g., BATCH-20240108-001)', true, '2026-01-10 19:32:31.030314', '00000000-0000-0000-0000-000000000001', '2026-01-10 19:32:31.030314', '00000000-0000-0000-0000-000000000001');
INSERT INTO public.name_templates VALUES ('aaaaaaaa-aaaa-aaaa-aaaa-aaaaaaaaaaa4', 'analysis', 'ANALYSIS-{SEQ}', 'Default analysis naming template: ANALYSIS-SEQ (e.g., ANALYSIS-001)', true, '2026-01-10 19:32:31.030314', '00000000-0000-0000-0000-000000000001', '2026-01-10 19:32:31.030314', '00000000-0000-0000-0000-000000000001');
INSERT INTO public.name_templates VALUES ('aaaaaaaa-aaaa-aaaa-aaaa-aaaaaaaaaaa5', 'container', 'CONT-{YYYYMMDD}-{SEQ}', 'Default container naming template: CONT-YYYYMMDD-SEQ (e.g., CONT-20240108-001)', true, '2026-01-10 19:32:31.030314', '00000000-0000-0000-0000-000000000001', '2026-01-10 19:32:31.030314', '00000000-0000-0000-0000-000000000001');


--
-- Data for Name: people_locations; Type: TABLE DATA; Schema: public; Owner: -
--



--
-- Data for Name: permissions; Type: TABLE DATA; Schema: public; Owner: -
--

INSERT INTO public.permissions VALUES ('eeeeeeee-eeee-eeee-eeee-eeeeeeeeeeee', 'user:manage', 'Manage users', true, '2026-01-10 19:32:31.030314', NULL, '2026-01-10 19:32:31.030314', NULL);
INSERT INTO public.permissions VALUES ('ffffffff-ffff-ffff-ffff-ffffffffffff', 'role:manage', 'Manage roles', true, '2026-01-10 19:32:31.030314', NULL, '2026-01-10 19:32:31.030314', NULL);
INSERT INTO public.permissions VALUES ('a0a0a0a0-a0a0-a0a0-a0a0-a0a0a0a0a0a0', 'config:edit', 'Edit configuration', true, '2026-01-10 19:32:31.030314', NULL, '2026-01-10 19:32:31.030314', NULL);
INSERT INTO public.permissions VALUES ('b0b0b0b0-b0b0-b0b0-b0b0-b0b0b0b0b0b0', 'project:manage', 'Manage projects', true, '2026-01-10 19:32:31.030314', NULL, '2026-01-10 19:32:31.030314', NULL);
INSERT INTO public.permissions VALUES ('c0c0c0c0-c0c0-c0c0-c0c0-c0c0c0c0c0c0', 'sample:create', 'Create samples', true, '2026-01-10 19:32:31.030314', NULL, '2026-01-10 19:32:31.030314', NULL);
INSERT INTO public.permissions VALUES ('d0d0d0d0-d0d0-d0d0-d0d0-d0d0d0d0d0d0', 'sample:read', 'Read samples', true, '2026-01-10 19:32:31.030314', NULL, '2026-01-10 19:32:31.030314', NULL);
INSERT INTO public.permissions VALUES ('e0e0e0e0-e0e0-e0e0-e0e0-e0e0e0e0e0e0', 'sample:update', 'Update samples', true, '2026-01-10 19:32:31.030314', NULL, '2026-01-10 19:32:31.030314', NULL);
INSERT INTO public.permissions VALUES ('f0f0f0f0-f0f0-f0f0-f0f0-f0f0f0f0f0f0', 'test:assign', 'Assign tests', true, '2026-01-10 19:32:31.030314', NULL, '2026-01-10 19:32:31.030314', NULL);
INSERT INTO public.permissions VALUES ('a1a1a1a1-a1a1-a1a1-a1a1-a1a1a1a1a1a1', 'test:update', 'Update tests', true, '2026-01-10 19:32:31.030314', NULL, '2026-01-10 19:32:31.030314', NULL);
INSERT INTO public.permissions VALUES ('b1b1b1b1-b1b1-b1b1-b1b1-b1b1b1b1b1b1', 'result:enter', 'Enter results', true, '2026-01-10 19:32:31.030314', NULL, '2026-01-10 19:32:31.030314', NULL);
INSERT INTO public.permissions VALUES ('c1c1c1c1-c1c1-c1c1-c1c1-c1c1c1c1c1c1', 'result:review', 'Review results', true, '2026-01-10 19:32:31.030314', NULL, '2026-01-10 19:32:31.030314', NULL);
INSERT INTO public.permissions VALUES ('d1d1d1d1-d1d1-d1d1-d1d1-d1d1d1d1d1d1', 'batch:manage', 'Manage batches', true, '2026-01-10 19:32:31.030314', NULL, '2026-01-10 19:32:31.030314', NULL);
INSERT INTO public.permissions VALUES ('e1e1e1e1-e1e1-e1e1-e1e1-e1e1e1e1e1e1', 'batch:read', 'Read batches', true, '2026-01-10 19:32:31.030314', NULL, '2026-01-10 19:32:31.030314', NULL);
INSERT INTO public.permissions VALUES ('42fd6687-e811-4cc3-bdec-6ee8e073293d', 'result:update', 'Update results', true, '2026-01-10 19:32:31.030314', NULL, '2026-01-10 19:32:31.030314', NULL);
INSERT INTO public.permissions VALUES ('00c1d3a5-bfdb-4adb-934b-8e7f2d5742d3', 'result:delete', 'Delete results', true, '2026-01-10 19:32:31.030314', NULL, '2026-01-10 19:32:31.030314', NULL);
INSERT INTO public.permissions VALUES ('2da5c24b-5e75-4d2e-9d73-ac76c09c7fec', 'batch:update', 'Update batches', true, '2026-01-10 19:32:31.030314', NULL, '2026-01-10 19:32:31.030314', NULL);
INSERT INTO public.permissions VALUES ('b1f67cda-cbb4-4889-a1a2-34d345ed81c3', 'batch:delete', 'Delete batches', true, '2026-01-10 19:32:31.030314', NULL, '2026-01-10 19:32:31.030314', NULL);


--
-- Data for Name: project_users; Type: TABLE DATA; Schema: public; Owner: -
--

INSERT INTO public.project_users VALUES ('990e0bdc-4ff7-4cd9-b455-f18f7946329d', '00000000-0000-0000-0000-000000000003', NULL, '2026-01-10 20:56:44.686537', NULL);
INSERT INTO public.project_users VALUES ('26ba8b0a-b563-4258-ae86-5ded32a36a54', '00000000-0000-0000-0000-000000000001', NULL, '2026-01-11 21:47:22.343166', NULL);
INSERT INTO public.project_users VALUES ('924664eb-9ed0-48ef-982f-56cb26a3ff13', '00000000-0000-0000-0000-000000000001', NULL, '2026-01-11 22:22:27.234559', NULL);
INSERT INTO public.project_users VALUES ('71d6b564-5cb2-4ed1-b953-6470f90f292a', '00000000-0000-0000-0000-000000000001', NULL, '2026-01-11 23:41:15.603047', NULL);
INSERT INTO public.project_users VALUES ('5791eaa1-5365-4482-8bce-55dfb262c83f', '00000000-0000-0000-0000-000000000001', NULL, '2026-01-11 23:59:36.955813', NULL);
INSERT INTO public.project_users VALUES ('990e0bdc-4ff7-4cd9-b455-f18f7946329d', '00000000-0000-0000-0000-000000000002', NULL, '2026-01-19 14:18:54.950773', NULL);
INSERT INTO public.project_users VALUES ('26ba8b0a-b563-4258-ae86-5ded32a36a54', '00000000-0000-0000-0000-000000000002', NULL, '2026-01-19 14:18:54.950773', NULL);
INSERT INTO public.project_users VALUES ('924664eb-9ed0-48ef-982f-56cb26a3ff13', '00000000-0000-0000-0000-000000000002', NULL, '2026-01-19 14:18:54.950773', NULL);
INSERT INTO public.project_users VALUES ('71d6b564-5cb2-4ed1-b953-6470f90f292a', '00000000-0000-0000-0000-000000000002', NULL, '2026-01-19 14:18:54.950773', NULL);
INSERT INTO public.project_users VALUES ('5791eaa1-5365-4482-8bce-55dfb262c83f', '00000000-0000-0000-0000-000000000002', NULL, '2026-01-19 14:18:54.950773', NULL);
INSERT INTO public.project_users VALUES ('26ba8b0a-b563-4258-ae86-5ded32a36a54', '00000000-0000-0000-0000-000000000003', NULL, '2026-01-19 14:18:54.950773', NULL);
INSERT INTO public.project_users VALUES ('924664eb-9ed0-48ef-982f-56cb26a3ff13', '00000000-0000-0000-0000-000000000003', NULL, '2026-01-19 14:18:54.950773', NULL);
INSERT INTO public.project_users VALUES ('71d6b564-5cb2-4ed1-b953-6470f90f292a', '00000000-0000-0000-0000-000000000003', NULL, '2026-01-19 14:18:54.950773', NULL);
INSERT INTO public.project_users VALUES ('5791eaa1-5365-4482-8bce-55dfb262c83f', '00000000-0000-0000-0000-000000000003', NULL, '2026-01-19 14:18:54.950773', NULL);
INSERT INTO public.project_users VALUES ('9cbdb8ce-b277-4af4-89c7-b4fa4390f138', '00000000-0000-0000-0000-000000000003', NULL, '2026-01-19 17:39:19.477079', NULL);
INSERT INTO public.project_users VALUES ('64d0a595-bbbf-42f6-82e9-00b5b2707132', '00000000-0000-0000-0000-000000000001', NULL, '2026-01-25 20:38:30.010799', NULL);


--
-- Data for Name: tests; Type: TABLE DATA; Schema: public; Owner: -
--

INSERT INTO public.tests VALUES ('93e7e525-c260-4e58-b41b-b4e8de2a7ded', 'SAMPLE-2026-001_test_b0000002-b000-b000-b000-b00000000004', NULL, true, '2026-01-10 20:56:44.686537', '00000000-0000-0000-0000-000000000003', '2026-01-10 20:56:44.686537', '00000000-0000-0000-0000-000000000003', '913ec796-f56c-44da-9b81-c6bee5275cc3', 'b0000002-b000-b000-b000-b00000000004', '26c14af3-745d-4ede-acc0-1d263e10ace4', NULL, NULL, '00000000-0000-0000-0000-000000000003', '{}');
INSERT INTO public.tests VALUES ('2d7c9238-8eac-4c3e-9e43-379d66c1a915', 'SAMPLE-2026-001_test_b0000002-b000-b000-b000-b00000000002', NULL, true, '2026-01-10 20:56:44.686537', '00000000-0000-0000-0000-000000000003', '2026-01-10 20:56:44.686537', '00000000-0000-0000-0000-000000000003', '913ec796-f56c-44da-9b81-c6bee5275cc3', 'b0000002-b000-b000-b000-b00000000002', '26c14af3-745d-4ede-acc0-1d263e10ace4', NULL, NULL, '00000000-0000-0000-0000-000000000003', '{}');
INSERT INTO public.tests VALUES ('ae479473-1345-4106-b633-8bc12847c45f', 'SAMPLE-2026-002_test_b0000002-b000-b000-b000-b00000000004', NULL, true, '2026-01-11 21:47:22.343166', '00000000-0000-0000-0000-000000000001', '2026-01-11 21:47:22.343166', '00000000-0000-0000-0000-000000000001', '5d38f989-a658-4ece-956b-43b089e3adff', 'b0000002-b000-b000-b000-b00000000004', '26c14af3-745d-4ede-acc0-1d263e10ace4', NULL, NULL, '00000000-0000-0000-0000-000000000001', '{}');
INSERT INTO public.tests VALUES ('587fc150-1ee5-4a88-b16f-c771a0737a55', 'SAMPLE-2026-002_test_b0000002-b000-b000-b000-b00000000002', NULL, true, '2026-01-11 21:47:22.343166', '00000000-0000-0000-0000-000000000001', '2026-01-11 21:47:22.343166', '00000000-0000-0000-0000-000000000001', '5d38f989-a658-4ece-956b-43b089e3adff', 'b0000002-b000-b000-b000-b00000000002', '26c14af3-745d-4ede-acc0-1d263e10ace4', NULL, NULL, '00000000-0000-0000-0000-000000000001', '{}');
INSERT INTO public.tests VALUES ('92c97503-2af0-48e4-93e3-a84ebb797887', 'SAMPLE-2026-003_test_b0000002-b000-b000-b000-b00000000004', NULL, true, '2026-01-11 22:22:27.234559', '00000000-0000-0000-0000-000000000001', '2026-01-11 22:22:27.234559', '00000000-0000-0000-0000-000000000001', 'e003579c-0126-4dda-b0ad-325447f5e782', 'b0000002-b000-b000-b000-b00000000004', '26c14af3-745d-4ede-acc0-1d263e10ace4', NULL, NULL, '00000000-0000-0000-0000-000000000001', '{}');
INSERT INTO public.tests VALUES ('5d0bbd56-e70a-437b-ba60-cc364d6d560d', 'SAMPLE-2026-003_test_b0000002-b000-b000-b000-b00000000002', NULL, true, '2026-01-11 22:22:27.234559', '00000000-0000-0000-0000-000000000001', '2026-01-11 22:22:27.234559', '00000000-0000-0000-0000-000000000001', 'e003579c-0126-4dda-b0ad-325447f5e782', 'b0000002-b000-b000-b000-b00000000002', '26c14af3-745d-4ede-acc0-1d263e10ace4', NULL, NULL, '00000000-0000-0000-0000-000000000001', '{}');
INSERT INTO public.tests VALUES ('8121ca9f-8c19-4182-b615-f311d41d85fd', 'SAMPLE-2026-003_test_b0000001-b000-b000-b000-b00000000001', NULL, true, '2026-01-11 22:22:27.234559', '00000000-0000-0000-0000-000000000001', '2026-01-11 22:22:27.234559', '00000000-0000-0000-0000-000000000001', 'e003579c-0126-4dda-b0ad-325447f5e782', 'b0000001-b000-b000-b000-b00000000001', '26c14af3-745d-4ede-acc0-1d263e10ace4', NULL, NULL, '00000000-0000-0000-0000-000000000001', '{}');
INSERT INTO public.tests VALUES ('c1004633-0943-471c-bf23-170d6a89af6d', 'SAMPLE-2026-004_test_b0000002-b000-b000-b000-b00000000004', NULL, true, '2026-01-11 23:41:15.603047', '00000000-0000-0000-0000-000000000001', '2026-01-11 23:41:15.603047', '00000000-0000-0000-0000-000000000001', 'cd9fa678-53ce-4311-a327-b7d5835270f3', 'b0000002-b000-b000-b000-b00000000004', '26c14af3-745d-4ede-acc0-1d263e10ace4', NULL, NULL, '00000000-0000-0000-0000-000000000001', '{}');
INSERT INTO public.tests VALUES ('34b5dbb1-4910-4a6c-8c70-934f4f823d2b', 'SAMPLE-2026-004_test_b0000002-b000-b000-b000-b00000000002', NULL, true, '2026-01-11 23:41:15.603047', '00000000-0000-0000-0000-000000000001', '2026-01-11 23:41:15.603047', '00000000-0000-0000-0000-000000000001', 'cd9fa678-53ce-4311-a327-b7d5835270f3', 'b0000002-b000-b000-b000-b00000000002', '26c14af3-745d-4ede-acc0-1d263e10ace4', NULL, NULL, '00000000-0000-0000-0000-000000000001', '{}');
INSERT INTO public.tests VALUES ('052de53d-a2fc-45ee-88f6-0063f8a96ba2', 'SAMPLE-2026-004_test_b0000001-b000-b000-b000-b00000000001', NULL, true, '2026-01-11 23:41:15.603047', '00000000-0000-0000-0000-000000000001', '2026-01-11 23:41:15.603047', '00000000-0000-0000-0000-000000000001', 'cd9fa678-53ce-4311-a327-b7d5835270f3', 'b0000001-b000-b000-b000-b00000000001', '26c14af3-745d-4ede-acc0-1d263e10ace4', NULL, NULL, '00000000-0000-0000-0000-000000000001', '{}');
INSERT INTO public.tests VALUES ('6e0e8946-141d-4140-80cf-910e1a731fd2', 'SAMPLE-2026-005_test_b0000002-b000-b000-b000-b00000000004', NULL, true, '2026-01-11 23:59:36.955813', '00000000-0000-0000-0000-000000000001', '2026-01-11 23:59:36.955813', '00000000-0000-0000-0000-000000000001', 'c2de8d20-1039-46cb-a790-836f203d7724', 'b0000002-b000-b000-b000-b00000000004', '26c14af3-745d-4ede-acc0-1d263e10ace4', NULL, NULL, '00000000-0000-0000-0000-000000000001', '{}');
INSERT INTO public.tests VALUES ('15e394dc-c602-4275-a268-8b097e253c03', 'SAMPLE-2026-005_test_b0000002-b000-b000-b000-b00000000002', NULL, true, '2026-01-11 23:59:36.955813', '00000000-0000-0000-0000-000000000001', '2026-01-11 23:59:36.955813', '00000000-0000-0000-0000-000000000001', 'c2de8d20-1039-46cb-a790-836f203d7724', 'b0000002-b000-b000-b000-b00000000002', '26c14af3-745d-4ede-acc0-1d263e10ace4', NULL, NULL, '00000000-0000-0000-0000-000000000001', '{}');
INSERT INTO public.tests VALUES ('148626b9-0a95-40da-8c52-631fecb681f5', 'SAMPLE-2026-005_test_b0000001-b000-b000-b000-b00000000001', NULL, true, '2026-01-11 23:59:36.955813', '00000000-0000-0000-0000-000000000001', '2026-01-11 23:59:36.955813', '00000000-0000-0000-0000-000000000001', 'c2de8d20-1039-46cb-a790-836f203d7724', 'b0000001-b000-b000-b000-b00000000001', '26c14af3-745d-4ede-acc0-1d263e10ace4', NULL, NULL, '00000000-0000-0000-0000-000000000001', '{}');
INSERT INTO public.tests VALUES ('ec1edfa9-7b78-41bd-a938-140540ec4909', 'SAMPLE-2026-006_test_b0000003-b000-b000-b000-b00000000003', NULL, true, '2026-01-19 17:39:19.477079', '00000000-0000-0000-0000-000000000003', '2026-01-19 17:39:19.477079', '00000000-0000-0000-0000-000000000003', '1866b029-1550-4fa5-ada3-3af72283f41b', 'b0000003-b000-b000-b000-b00000000003', '26c14af3-745d-4ede-acc0-1d263e10ace4', NULL, NULL, '00000000-0000-0000-0000-000000000003', '{}');
INSERT INTO public.tests VALUES ('a1ee1eaa-07b9-4f5e-8e91-0ad75600256e', 'SAMPLE-2026-007_test_b0000002-b000-b000-b000-b00000000004', NULL, true, '2026-01-25 20:38:30.010799', '00000000-0000-0000-0000-000000000001', '2026-01-25 20:38:30.010799', '00000000-0000-0000-0000-000000000001', 'c14344e6-d536-45ca-9b23-3c11b2ea2266', 'b0000002-b000-b000-b000-b00000000004', '26c14af3-745d-4ede-acc0-1d263e10ace4', NULL, NULL, '00000000-0000-0000-0000-000000000001', '{}');
INSERT INTO public.tests VALUES ('cc3d183c-8914-4f44-8ac7-ec32dae83e76', 'SAMPLE-2026-007_test_b0000002-b000-b000-b000-b00000000002', NULL, true, '2026-01-25 20:38:30.010799', '00000000-0000-0000-0000-000000000001', '2026-01-25 20:38:30.010799', '00000000-0000-0000-0000-000000000001', 'c14344e6-d536-45ca-9b23-3c11b2ea2266', 'b0000002-b000-b000-b000-b00000000002', '26c14af3-745d-4ede-acc0-1d263e10ace4', NULL, NULL, '00000000-0000-0000-0000-000000000001', '{}');
INSERT INTO public.tests VALUES ('e6408839-b7dc-4b36-b449-4e3dd5d883ed', 'SAMPLE-2026-007_test_b0000001-b000-b000-b000-b00000000001', NULL, true, '2026-01-25 20:38:30.010799', '00000000-0000-0000-0000-000000000001', '2026-01-25 20:38:30.010799', '00000000-0000-0000-0000-000000000001', 'c14344e6-d536-45ca-9b23-3c11b2ea2266', 'b0000001-b000-b000-b000-b00000000001', '26c14af3-745d-4ede-acc0-1d263e10ace4', NULL, NULL, '00000000-0000-0000-0000-000000000001', '{}');
INSERT INTO public.tests VALUES ('80a8d0e8-e0bc-4117-a102-5d4b92adf63d', 'SAMPLE-2026-007_test_b0000003-b000-b000-b000-b00000000003', NULL, true, '2026-01-25 20:38:30.010799', '00000000-0000-0000-0000-000000000001', '2026-01-25 20:38:30.010799', '00000000-0000-0000-0000-000000000001', 'c14344e6-d536-45ca-9b23-3c11b2ea2266', 'b0000003-b000-b000-b000-b00000000003', '26c14af3-745d-4ede-acc0-1d263e10ace4', NULL, NULL, '00000000-0000-0000-0000-000000000001', '{}');


--
-- Data for Name: results; Type: TABLE DATA; Schema: public; Owner: -
--



--
-- Data for Name: role_permissions; Type: TABLE DATA; Schema: public; Owner: -
--

INSERT INTO public.role_permissions VALUES ('aaaaaaaa-aaaa-aaaa-aaaa-aaaaaaaaaaaa', 'eeeeeeee-eeee-eeee-eeee-eeeeeeeeeeee');
INSERT INTO public.role_permissions VALUES ('aaaaaaaa-aaaa-aaaa-aaaa-aaaaaaaaaaaa', 'ffffffff-ffff-ffff-ffff-ffffffffffff');
INSERT INTO public.role_permissions VALUES ('aaaaaaaa-aaaa-aaaa-aaaa-aaaaaaaaaaaa', 'a0a0a0a0-a0a0-a0a0-a0a0-a0a0a0a0a0a0');
INSERT INTO public.role_permissions VALUES ('aaaaaaaa-aaaa-aaaa-aaaa-aaaaaaaaaaaa', 'b0b0b0b0-b0b0-b0b0-b0b0-b0b0b0b0b0b0');
INSERT INTO public.role_permissions VALUES ('aaaaaaaa-aaaa-aaaa-aaaa-aaaaaaaaaaaa', 'c0c0c0c0-c0c0-c0c0-c0c0-c0c0c0c0c0c0');
INSERT INTO public.role_permissions VALUES ('aaaaaaaa-aaaa-aaaa-aaaa-aaaaaaaaaaaa', 'd0d0d0d0-d0d0-d0d0-d0d0-d0d0d0d0d0d0');
INSERT INTO public.role_permissions VALUES ('aaaaaaaa-aaaa-aaaa-aaaa-aaaaaaaaaaaa', 'e0e0e0e0-e0e0-e0e0-e0e0-e0e0e0e0e0e0');
INSERT INTO public.role_permissions VALUES ('aaaaaaaa-aaaa-aaaa-aaaa-aaaaaaaaaaaa', 'f0f0f0f0-f0f0-f0f0-f0f0-f0f0f0f0f0f0');
INSERT INTO public.role_permissions VALUES ('aaaaaaaa-aaaa-aaaa-aaaa-aaaaaaaaaaaa', 'a1a1a1a1-a1a1-a1a1-a1a1-a1a1a1a1a1a1');
INSERT INTO public.role_permissions VALUES ('aaaaaaaa-aaaa-aaaa-aaaa-aaaaaaaaaaaa', 'b1b1b1b1-b1b1-b1b1-b1b1-b1b1b1b1b1b1');
INSERT INTO public.role_permissions VALUES ('aaaaaaaa-aaaa-aaaa-aaaa-aaaaaaaaaaaa', 'c1c1c1c1-c1c1-c1c1-c1c1-c1c1c1c1c1c1');
INSERT INTO public.role_permissions VALUES ('aaaaaaaa-aaaa-aaaa-aaaa-aaaaaaaaaaaa', 'd1d1d1d1-d1d1-d1d1-d1d1-d1d1d1d1d1d1');
INSERT INTO public.role_permissions VALUES ('aaaaaaaa-aaaa-aaaa-aaaa-aaaaaaaaaaaa', 'e1e1e1e1-e1e1-e1e1-e1e1-e1e1e1e1e1e1');
INSERT INTO public.role_permissions VALUES ('bbbbbbbb-bbbb-bbbb-bbbb-bbbbbbbbbbbb', 'b0b0b0b0-b0b0-b0b0-b0b0-b0b0b0b0b0b0');
INSERT INTO public.role_permissions VALUES ('bbbbbbbb-bbbb-bbbb-bbbb-bbbbbbbbbbbb', 'c0c0c0c0-c0c0-c0c0-c0c0-c0c0c0c0c0c0');
INSERT INTO public.role_permissions VALUES ('bbbbbbbb-bbbb-bbbb-bbbb-bbbbbbbbbbbb', 'd0d0d0d0-d0d0-d0d0-d0d0-d0d0d0d0d0d0');
INSERT INTO public.role_permissions VALUES ('bbbbbbbb-bbbb-bbbb-bbbb-bbbbbbbbbbbb', 'e0e0e0e0-e0e0-e0e0-e0e0-e0e0e0e0e0e0');
INSERT INTO public.role_permissions VALUES ('bbbbbbbb-bbbb-bbbb-bbbb-bbbbbbbbbbbb', 'f0f0f0f0-f0f0-f0f0-f0f0-f0f0f0f0f0f0');
INSERT INTO public.role_permissions VALUES ('bbbbbbbb-bbbb-bbbb-bbbb-bbbbbbbbbbbb', 'a1a1a1a1-a1a1-a1a1-a1a1-a1a1a1a1a1a1');
INSERT INTO public.role_permissions VALUES ('bbbbbbbb-bbbb-bbbb-bbbb-bbbbbbbbbbbb', 'b1b1b1b1-b1b1-b1b1-b1b1-b1b1b1b1b1b1');
INSERT INTO public.role_permissions VALUES ('bbbbbbbb-bbbb-bbbb-bbbb-bbbbbbbbbbbb', 'c1c1c1c1-c1c1-c1c1-c1c1-c1c1c1c1c1c1');
INSERT INTO public.role_permissions VALUES ('bbbbbbbb-bbbb-bbbb-bbbb-bbbbbbbbbbbb', 'e1e1e1e1-e1e1-e1e1-e1e1-e1e1e1e1e1e1');
INSERT INTO public.role_permissions VALUES ('bbbbbbbb-bbbb-bbbb-bbbb-bbbbbbbbbbbb', 'd1d1d1d1-d1d1-d1d1-d1d1-d1d1d1d1d1d1');
INSERT INTO public.role_permissions VALUES ('cccccccc-cccc-cccc-cccc-cccccccccccc', 'c0c0c0c0-c0c0-c0c0-c0c0-c0c0c0c0c0c0');
INSERT INTO public.role_permissions VALUES ('cccccccc-cccc-cccc-cccc-cccccccccccc', 'd0d0d0d0-d0d0-d0d0-d0d0-d0d0d0d0d0d0');
INSERT INTO public.role_permissions VALUES ('cccccccc-cccc-cccc-cccc-cccccccccccc', 'e0e0e0e0-e0e0-e0e0-e0e0-e0e0e0e0e0e0');
INSERT INTO public.role_permissions VALUES ('cccccccc-cccc-cccc-cccc-cccccccccccc', 'f0f0f0f0-f0f0-f0f0-f0f0-f0f0f0f0f0f0');
INSERT INTO public.role_permissions VALUES ('cccccccc-cccc-cccc-cccc-cccccccccccc', 'a1a1a1a1-a1a1-a1a1-a1a1-a1a1a1a1a1a1');
INSERT INTO public.role_permissions VALUES ('cccccccc-cccc-cccc-cccc-cccccccccccc', 'b1b1b1b1-b1b1-b1b1-b1b1-b1b1b1b1b1b1');
INSERT INTO public.role_permissions VALUES ('cccccccc-cccc-cccc-cccc-cccccccccccc', 'd1d1d1d1-d1d1-d1d1-d1d1-d1d1d1d1d1d1');
INSERT INTO public.role_permissions VALUES ('dddddddd-dddd-dddd-dddd-dddddddddddd', 'd0d0d0d0-d0d0-d0d0-d0d0-d0d0d0d0d0d0');
INSERT INTO public.role_permissions VALUES ('cccccccc-cccc-cccc-cccc-cccccccccccc', 'e1e1e1e1-e1e1-e1e1-e1e1-e1e1e1e1e1e1');
INSERT INTO public.role_permissions VALUES ('dddddddd-dddd-dddd-dddd-dddddddddddd', 'f0f0f0f0-f0f0-f0f0-f0f0-f0f0f0f0f0f0');
INSERT INTO public.role_permissions VALUES ('dddddddd-dddd-dddd-dddd-dddddddddddd', 'c1c1c1c1-c1c1-c1c1-c1c1-c1c1c1c1c1c1');
INSERT INTO public.role_permissions VALUES ('dddddddd-dddd-dddd-dddd-dddddddddddd', 'b0b0b0b0-b0b0-b0b0-b0b0-b0b0b0b0b0b0');
INSERT INTO public.role_permissions VALUES ('dddddddd-dddd-dddd-dddd-dddddddddddd', 'e1e1e1e1-e1e1-e1e1-e1e1-e1e1e1e1e1e1');


--
-- Name: name_template_seq_analysis; Type: SEQUENCE SET; Schema: public; Owner: -
--

SELECT pg_catalog.setval('public.name_template_seq_analysis', 1, false);


--
-- Name: name_template_seq_batch; Type: SEQUENCE SET; Schema: public; Owner: -
--

SELECT pg_catalog.setval('public.name_template_seq_batch', 1, false);


--
-- Name: name_template_seq_container; Type: SEQUENCE SET; Schema: public; Owner: -
--

SELECT pg_catalog.setval('public.name_template_seq_container', 1, false);


--
-- Name: name_template_seq_project; Type: SEQUENCE SET; Schema: public; Owner: -
--

SELECT pg_catalog.setval('public.name_template_seq_project', 8, true);


--
-- Name: name_template_seq_sample; Type: SEQUENCE SET; Schema: public; Owner: -
--

SELECT pg_catalog.setval('public.name_template_seq_sample', 7, true);


--
-- PostgreSQL database dump complete
--

\unrestrict YO5fEBu4DDXyycIIfCHSD9nWQJPsCENdok4xSSb7DVrgpMYW8pHO73Gkr2zjk0W

